-2.000000000000000000e+00,5.000000000000000000e-01
-1.983870967741935498e+00,5.000000000000000000e-01
-1.967741935483870996e+00,5.000000000000000000e-01
-1.951612903225806495e+00,5.000000000000000000e-01
-1.935483870967741993e+00,5.000000000000000000e-01
-1.919354838709677491e+00,5.000000000000000000e-01
-1.903225806451612989e+00,5.000000000000000000e-01
-1.887096774193548487e+00,5.000000000000000000e-01
-1.870967741935483986e+00,5.000000000000000000e-01
-1.854838709677419484e+00,5.000000000000000000e-01
-1.838709677419354982e+00,5.000000000000000000e-01
-1.822580645161290258e+00,5.000000000000000000e-01
-1.806451612903225756e+00,5.000000000000000000e-01
-1.790322580645161255e+00,5.000000000000000000e-01
-1.774193548387096753e+00,5.000000000000000000e-01
-1.758064516129032251e+00,5.000000000000000000e-01
-1.741935483870967749e+00,5.000000000000000000e-01
-1.725806451612903247e+00,5.000000000000000000e-01
-1.709677419354838745e+00,5.000000000000000000e-01
-1.693548387096774244e+00,5.000000000000000000e-01
-1.677419354838709742e+00,5.000000000000000000e-01
-1.661290322580645240e+00,5.000000000000000000e-01
-1.645161290322580516e+00,5.000000000000000000e-01
-1.629032258064516014e+00,5.000000000000000000e-01
-1.612903225806451513e+00,5.000000000000000000e-01
-1.596774193548387011e+00,5.000000000000000000e-01
-1.580645161290322509e+00,5.000000000000000000e-01
-1.564516129032258007e+00,5.000000000000000000e-01
-1.548387096774193505e+00,5.000000000000000000e-01
-1.532258064516129004e+00,5.000000000000000000e-01
-1.516129032258064502e+00,5.000000000000000000e-01
-1.500000000000000000e+00,5.000000000000000000e-01
-1.483870967741935498e+00,5.000000000000000000e-01
-1.467741935483870996e+00,5.000000000000000000e-01
-1.451612903225806495e+00,5.000000000000000000e-01
-1.435483870967741993e+00,5.000000000000000000e-01
-1.419354838709677491e+00,5.000000000000000000e-01
-1.403225806451612989e+00,5.000000000000000000e-01
-1.387096774193548487e+00,5.000000000000000000e-01
-1.370967741935483986e+00,5.000000000000000000e-01
-1.354838709677419484e+00,5.000000000000000000e-01
-1.338709677419354982e+00,5.000000000000000000e-01
-1.322580645161290480e+00,5.000000000000000000e-01
-1.306451612903225978e+00,5.000000000000000000e-01
-1.290322580645161255e+00,5.000000000000000000e-01
-1.274193548387096753e+00,5.000000000000000000e-01
-1.258064516129032251e+00,5.000000000000000000e-01
-1.241935483870967749e+00,5.000000000000000000e-01
-1.225806451612903247e+00,5.000000000000000000e-01
-1.209677419354838745e+00,5.000000000000000000e-01
-1.193548387096774244e+00,5.000000000000000000e-01
-1.177419354838709742e+00,5.000000000000000000e-01
-1.161290322580645240e+00,5.000000000000000000e-01
-1.145161290322580516e+00,5.000000000000000000e-01
-1.129032258064516014e+00,5.000000000000000000e-01
-1.112903225806451513e+00,5.000000000000000000e-01
-1.096774193548387011e+00,5.000000000000000000e-01
-1.080645161290322509e+00,5.000000000000000000e-01
-1.064516129032258007e+00,5.000000000000000000e-01
-1.048387096774193505e+00,5.000000000000000000e-01
-1.032258064516129004e+00,5.000000000000000000e-01
-1.016129032258064502e+00,5.000000000000000000e-01
-9.999999999999998890e-01,5.000000000000001110e-01
-9.960631584315432496e-01,4.999845018424722842e-01
-9.921265609575116162e-01,4.999380051180131179e-01
-9.881904515964711200e-01,4.998605147916810876e-01
-9.842550743669885582e-01,4.997520358285350017e-01
-9.803206732653235722e-01,4.996125739833805479e-01
-9.763874921957922393e-01,4.994421382662233011e-01
-9.724557750106656018e-01,4.992407390946254631e-01
-9.685257654435524000e-01,4.990083892668220611e-01
-9.645977071587049645e-01,4.987451028184479163e-01
-9.606718436575897302e-01,4.984508963966347017e-01
-9.567484183515744256e-01,4.981257879320372672e-01
-9.528276744498707096e-01,4.977697979004752082e-01
-9.489098550517705011e-01,4.973829480478680343e-01
-9.449952030138801806e-01,4.969652626775284965e-01
-9.410839610627862450e-01,4.965167673656185610e-01
-9.371763716423084922e-01,4.960374902358459237e-01
-9.332726770461940990e-01,4.955274606829076500e-01
-9.293731192453842382e-01,4.949867106440851150e-01
-9.254779400406449863e-01,4.944152733268749045e-01
-9.215873808700713044e-01,4.938131844740674126e-01
-9.177016829814554910e-01,4.931804810974149689e-01
-9.138210872202132684e-01,4.925172027362830218e-01
-9.099458342212959350e-01,4.918233901976911127e-01
-9.060761641777596020e-01,4.910990868076892113e-01
-9.022123170519965596e-01,4.903443371584974564e-01
-8.983545323251871384e-01,4.895591883520268306e-01
-8.945030492276097034e-01,4.887436887547268460e-01
-8.906581064692336014e-01,4.878978892326112371e-01
-8.868199424888454363e-01,4.870218419144395905e-01
-8.829887951660640999e-01,4.861156014176390427e-01
-8.791649020890012212e-01,4.851792236204277575e-01
-8.753485002479919341e-01,4.842127668780285554e-01
-8.715398263214952923e-01,4.832162908043333149e-01
-8.677391163518574091e-01,4.821898574778193391e-01
-8.639466060491298727e-01,4.811335302333384356e-01
-8.601625304492015456e-01,4.800473748571602028e-01
-8.563871242351985824e-01,4.789314583894577204e-01
-8.526206213783344978e-01,4.777858503079128183e-01
-8.488632554765443983e-01,4.766106213414598725e-01
-8.451152593784193590e-01,4.754058446419013872e-01
-8.413768655387023898e-01,4.741715946094547940e-01
-8.376483056256951443e-01,4.729079480518436074e-01
-8.339298108932278186e-01,4.716149830221768591e-01
-8.302216117719404265e-01,4.702927799649945784e-01
-8.265239382573260629e-01,4.689414205669980018e-01
-8.228370194853019681e-01,4.675609888895413402e-01
-8.191610841359083794e-01,4.661515702327138633e-01
-8.154963599936007057e-01,4.647132522537868460e-01
-8.118430743661738669e-01,4.632461238451348051e-01
-8.082014536302221108e-01,4.617502762381608949e-01
-8.045717236648393111e-01,4.602258018955274754e-01
-8.009541093827108327e-01,4.586727956001014350e-01
-7.973488351781277128e-01,4.570913533619481162e-01
-7.937561244441817543e-01,4.554815734918513659e-01
-7.901762000346241877e-01,4.538435555235111329e-01
-7.866092837676500471e-01,4.521774012712107549e-01
-7.830555969011123718e-01,4.504832137676392789e-01
-7.795153596233989068e-01,4.487610983052967017e-01
-7.759887915415017989e-01,4.470111613903449688e-01
-7.724761111594963259e-01,4.452335117673582032e-01
-7.689775363789558282e-01,4.434282593895895186e-01
-7.654932839655581578e-01,4.415955164266925359e-01
-7.620235700613235963e-01,4.397353962517727699e-01
-7.585686096398799316e-01,4.378480144317217215e-01
-7.551286170299940093e-01,4.359334877314072210e-01
-7.517038053600371139e-01,4.339919350862787017e-01
-7.482943870922675877e-01,4.320234766240296231e-01
-7.449005734570554038e-01,4.300282346191564020e-01
-7.415225749973595182e-01,4.280063325324063861e-01
-7.381606009932729640e-01,4.259578959469858539e-01
-7.348148600161382715e-01,4.238830516260932990e-01
-7.314855593439817394e-01,4.217819284304916150e-01
-7.281729055246981552e-01,4.196546563944039687e-01
-7.248771037829568886e-01,4.175013676241888239e-01
-7.215983585918772647e-01,4.153221953928547538e-01
-7.183368730719892348e-01,4.131172750195908905e-01
-7.150928495708189780e-01,4.108867429831441487e-01
-7.118664890544998958e-01,4.086307377819781705e-01
-7.086579916946759150e-01,4.063493990667328415e-01
-7.054675562533598843e-01,4.040428684808042847e-01
-7.022953806765626084e-01,4.017112888120903946e-01
-6.991416614730010526e-01,3.993548048138024775e-01
-6.960065943138511457e-01,3.969735623756778242e-01
-6.928903734059187469e-01,3.945677093248580181e-01
-6.897931920969084807e-01,3.921373946167303615e-01
-6.867152422436699766e-01,3.896827691157223605e-01
-6.836567148223759993e-01,3.872039848059177780e-01
-6.806177992924585807e-01,3.847011955516367876e-01
-6.775986842110834907e-01,3.821745563279499436e-01
-6.745995565933996518e-01,3.796242239609367020e-01
-6.716206025306918903e-01,3.770503563782007239e-01
-6.686620065475663566e-01,3.744531133287167246e-01
-6.657239522231638285e-01,3.718326556534310434e-01
-6.628066215459056387e-01,3.691891459846283752e-01
-6.599101955371475814e-01,3.665227480366817780e-01
-6.570348536041128451e-01,3.638336272848881059e-01
-6.541807741653674624e-01,3.611219502764153044e-01
-6.513481340025639721e-01,3.583878852885751254e-01
-6.485371088871165757e-01,3.556316016599911922e-01
-6.457478729313863575e-01,3.528532704283010579e-01
-6.429805992159314254e-01,3.500530636815497587e-01
-6.402354591407601880e-01,3.472311551753295422e-01
-6.375126230525394178e-01,3.443877197043876959e-01
-6.348122595965370873e-01,3.415229336992312570e-01
-6.321345363431700726e-01,3.386369746179147544e-01
-6.294796191412614927e-01,3.357300215221596940e-01
-6.268476727433078821e-01,3.328022544892686452e-01
-6.242388601606748688e-01,3.298538551678280584e-01
-6.216533432869704168e-01,3.268850062096783082e-01
-6.190912822557937956e-01,3.238958918052837754e-01
-6.165528360616029380e-01,3.208866971356680309e-01
-6.140381619206339847e-01,3.178576088875584849e-01
-6.115474158886549105e-01,3.148088147251785762e-01
-6.090807522256658224e-01,3.117405037852900573e-01
-6.066383240099331164e-01,3.086528661687117925e-01
-6.042202825070794869e-01,3.055460934154063390e-01
-6.018267777797979834e-01,3.024203780155768073e-01
-5.994579580619333603e-01,2.992759138649596085e-01
-5.971139703632835083e-01,2.961128957953356733e-01
-5.947949598492663359e-01,2.929315200102088346e-01
-5.925010704402192685e-01,2.897319836345462196e-01
-5.902324441972433000e-01,2.865144851310426621e-01
-5.879892219154192468e-01,2.832792238688888187e-01
-5.857715425164102818e-01,2.800264005208376594e-01
-5.835795436350184051e-01,2.767562166507797627e-01
-5.814133610191255519e-01,2.734688750918491396e-01
-5.792731291090209567e-01,2.701645795525670080e-01
-5.771589804452452732e-01,2.668435349762366959e-01
-5.750710462401329437e-01,2.635059471654048746e-01
-5.730094557941191047e-01,2.601520231228141578e-01
-5.709743370589430711e-01,2.567819706939080682e-01
-5.689658160629721406e-01,2.533959988896314908e-01
-5.669840174655216281e-01,2.499943175466882994e-01
-5.650290639917368019e-01,2.465771376324909225e-01
-5.631010769774976721e-01,2.431446709228699266e-01
-5.612001758143918551e-01,2.396971302894904954e-01
-5.593264784846784243e-01,2.362347293946908955e-01
-5.574801010168763948e-01,2.327576829617054033e-01
-5.556611580102730485e-01,2.292662064862927840e-01
-5.538697621016386297e-01,2.257605164901138606e-01
-5.521060244787774351e-01,2.222408302488006193e-01
-5.503700543588712080e-01,2.187073660288575139e-01
-5.486619594905794983e-01,2.151603428318010769e-01
-5.469818456445002530e-01,2.115999806149643503e-01
-5.453298171033412745e-01,2.080265000513278340e-01
-5.437059761649741807e-01,2.044401227346220595e-01
-5.421104236202090032e-01,2.008410709544522776e-01
-5.405432582689080334e-01,1.972295678861134272e-01
-5.390045773849068134e-01,1.936058373805959187e-01
-5.374944762456398406e-01,1.899701041395348289e-01
-5.360130485837648617e-01,1.863225935196738126e-01
-5.345603861307415272e-01,1.826635316933881426e-01
-5.331365790547279992e-01,1.789931454671680744e-01
-5.317417155185379940e-01,1.753116624281675917e-01
-5.303758821033953685e-01,1.716193107762570280e-01
-5.290391633816793338e-01,1.679163194570554851e-01
-5.277316423261353417e-01,1.642029180070929961e-01
-5.264533998978082607e-01,1.604793366738161975e-01
-5.252045154403193195e-01,1.567458062733781965e-01
-5.239850662833710482e-01,1.530025582980591992e-01
-5.227951281217174673e-01,1.492498247862181493e-01
-5.216347746346088332e-01,1.454878384177983319e-01
-5.205040778490965803e-01,1.417168323958722942e-01
-5.194031077757701453e-01,1.379370405301004743e-01
-5.183319327560547141e-01,1.341486971296221853e-01
-5.172906191145802968e-01,1.303520370773748882e-01
-5.162792314901436530e-01,1.265472957328808434e-01
-5.152978325050177055e-01,1.227347089890640230e-01
-5.143464830792704445e-01,1.189145131877428485e-01
-5.134252421173728376e-01,1.150869451926073705e-01
-5.125341668055581890e-01,1.112522423049367576e-01
-5.116733123158330176e-01,1.074106422299293678e-01
-5.108427320861632648e-01,1.035623830347735252e-01
-5.100424775428502588e-01,9.970770346825115482e-02
-5.092725983630523867e-01,9.584684280843977500e-02
-5.085331422132091106e-01,9.198003982561921144e-02
-5.078241549944679800e-01,8.810753306058953516e-02
-5.071456806069758461e-01,8.422956480057360029e-02
-5.064977611750896003e-01,8.034637986443174396e-02
-5.058804368020809461e-01,7.645821087849191677e-02
-5.052937457851689462e-01,7.256528238151567500e-02
-5.047377244936639418e-01,6.866786568638810762e-02
-5.042124075374060377e-01,6.476626422827358454e-02
-5.037178272740789886e-01,6.086060934995410343e-02
-5.032540140584982336e-01,5.695091172152049602e-02
-5.028209972198738331e-01,5.303782149422445191e-02
-5.024188049435847070e-01,4.912244787113162481e-02
-5.020474598673287936e-01,4.520352966610678008e-02
-5.017069801636360182e-01,4.127806552822488317e-02
-5.013973952553036906e-01,3.735184479361691734e-02
-5.011187426328027605e-01,3.343725532663761879e-02
-5.008710087830868796e-01,2.951409114820616186e-02
-5.006541407002189636e-01,2.553713945964113802e-02
-5.004682652228508166e-01,2.158203196627287573e-02
-5.003136498330944537e-01,1.781913681129879481e-02
-5.001898860626738941e-01,1.397081893492318171e-02
-5.000960238053939744e-01,9.400678328846114387e-03
-5.000336095109171319e-01,5.133053530769629037e-03
-5.000059821035922614e-01,3.676553619612952031e-03
-5.000016252257872829e-01,4.217794940725073764e-03
-4.999955270503685378e-01,2.743954273706703841e-03
-4.999912107607463740e-01,-1.532093149135816757e-03
-5.000203487006594782e-01,-6.099585104844915118e-03
-5.000920313051622212e-01,-9.947221246806289829e-03
-5.001916482878696613e-01,-1.371303151548601551e-02
-5.003146614143281212e-01,-1.767115747445592577e-02
-5.004677952692520027e-01,-2.165077921027549687e-02
-5.006538668426304683e-01,-2.557720076463062056e-02
-5.008711340959222102e-01,-2.949575973826918870e-02
-5.011188167632825152e-01,-3.342641113650270807e-02
-5.013973618448624991e-01,-3.735673224582264362e-02
-5.017069600996304501e-01,-4.128100059477910616e-02
-5.020474687739706621e-01,-4.520222675646819871e-02
-5.024188103734371635e-01,-4.912165356421897139e-02
-5.028209948458235434e-01,-5.303816878256276124e-02
-5.032540125892041027e-01,-5.695112665745427627e-02
-5.037178279067950903e-01,-6.086051679296716754e-02
-5.042124079349457055e-01,-6.476620607412150732e-02
-5.047377243250590340e-01,-6.866789035077176806e-02
-5.052937456776205316e-01,-7.256529811424781984e-02
-5.058804368470042334e-01,-7.645820430687463864e-02
-5.064977612041821065e-01,-8.034637560864388295e-02
-5.071456805950080859e-01,-8.422956655128298331e-02
-5.078241549865993854e-01,-8.810753421167825949e-02
-5.085331422163970050e-01,-9.198003935928809882e-02
-5.092725983651805732e-01,-9.584684249713126825e-02
-5.100424775420011603e-01,-9.970770359244865433e-02
-5.108427320855879472e-01,-1.035623831189575045e-01
-5.116733123160590591e-01,-1.074106421968570313e-01
-5.125341668057137312e-01,-1.112522422821743823e-01
-5.134252421173125525e-01,-1.150869452014131322e-01
-5.143464830792283671e-01,-1.189145131938971062e-01
-5.152978325050336927e-01,-1.227347089867200230e-01
-5.162792314901549773e-01,-1.265472957312173963e-01
-5.172906191145761889e-01,-1.303520370779989446e-01
-5.183319327560516054e-01,-1.341486971300720477e-01
-5.194031077757712556e-01,-1.379370405299346625e-01
-5.205040778490973574e-01,-1.417168323957508913e-01
-5.216347746346086112e-01,-1.454878384178427408e-01
-5.227951281217173563e-01,-1.492498247862511507e-01
-5.239850662833711592e-01,-1.530025582980475696e-01
-5.252045154403195415e-01,-1.567458062733695645e-01
-5.264533998978082607e-01,-1.604793366738194726e-01
-5.277316423261353417e-01,-1.642029180070956329e-01
-5.290391633816793338e-01,-1.679163194570547912e-01
-5.303758821033952575e-01,-1.716193107762565284e-01
-5.317417155185382160e-01,-1.753116624281680636e-01
-5.331365790547281103e-01,-1.789931454671684075e-01
-5.345603861307415272e-01,-1.826635316933881703e-01
-5.360130485837649728e-01,-1.863225935196739791e-01
-5.374944762456397296e-01,-1.899701041395350232e-01
-5.390045773849068134e-01,-1.936058373805961130e-01
-5.405432582689080334e-01,-1.972295678861135937e-01
-5.421104236202090032e-01,-2.008410709544520834e-01
-5.437059761649740697e-01,-2.044401227346218930e-01
-5.453298171033412745e-01,-2.080265000513277784e-01
-5.469818456445003640e-01,-2.115999806149646556e-01
-5.486619594905797204e-01,-2.151603428318012989e-01
-5.503700543588712080e-01,-2.187073660288575416e-01
-5.521060244787774351e-01,-2.222408302488005083e-01
-5.538697621016384076e-01,-2.257605164901134998e-01
-5.556611580102730485e-01,-2.292662064862927562e-01
-5.574801010168765059e-01,-2.327576829617057086e-01
-5.593264784846785354e-01,-2.362347293946911730e-01
-5.612001758143918551e-01,-2.396971302894906064e-01
-5.631010769774977831e-01,-2.431446709228701764e-01
-5.650290639917369129e-01,-2.465771376324911446e-01
-5.669840174655216281e-01,-2.499943175466883549e-01
-5.689658160629722516e-01,-2.533959988896316573e-01
-5.709743370589430711e-01,-2.567819706939082347e-01
-5.730094557941192157e-01,-2.601520231228142688e-01
-5.750710462401329437e-01,-2.635059471654049856e-01
-5.771589804452454953e-01,-2.668435349762368625e-01
-5.792731291090209567e-01,-2.701645795525670635e-01
-5.814133610191256629e-01,-2.734688750918491951e-01
-5.835795436350185161e-01,-2.767562166507798738e-01
-5.857715425164101708e-01,-2.800264005208376039e-01
-5.879892219154194688e-01,-2.832792238688888742e-01
-5.902324441972435221e-01,-2.865144851310428287e-01
-5.925010704402192685e-01,-2.897319836345463306e-01
-5.947949598492663359e-01,-2.929315200102090011e-01
-5.971139703632837303e-01,-2.961128957953358953e-01
-5.994579580619334713e-01,-2.992759138649597750e-01
-6.018267777797980944e-01,-3.024203780155769183e-01
-6.042202825070794869e-01,-3.055460934154065056e-01
-6.066383240099333385e-01,-3.086528661687120145e-01
-6.090807522256659334e-01,-3.117405037852901128e-01
-6.115474158886549105e-01,-3.148088147251784097e-01
-6.140381619206339847e-01,-3.178576088875583738e-01
-6.165528360616028269e-01,-3.208866971356679199e-01
-6.190912822557939066e-01,-3.238958918052838865e-01
-6.216533432869706388e-01,-3.268850062096785858e-01
-6.242388601606748688e-01,-3.298538551678280584e-01
-6.268476727433076601e-01,-3.328022544892685342e-01
-6.294796191412612707e-01,-3.357300215221595829e-01
-6.321345363431701836e-01,-3.386369746179148654e-01
-6.348122595965371984e-01,-3.415229336992314235e-01
-6.375126230525395288e-01,-3.443877197043878069e-01
-6.402354591407604101e-01,-3.472311551753297088e-01
-6.429805992159315364e-01,-3.500530636815498697e-01
-6.457478729313863575e-01,-3.528532704283011689e-01
-6.485371088871167977e-01,-3.556316016599913588e-01
-6.513481340025640831e-01,-3.583878852885752364e-01
-6.541807741653675734e-01,-3.611219502764154154e-01
-6.570348536041130671e-01,-3.638336272848882169e-01
-6.599101955371475814e-01,-3.665227480366817780e-01
-6.628066215459056387e-01,-3.691891459846284862e-01
-6.657239522231639395e-01,-3.718326556534311544e-01
-6.686620065475664676e-01,-3.744531133287167801e-01
-6.716206025306921124e-01,-3.770503563782008349e-01
-6.745995565933997629e-01,-3.796242239609368130e-01
-6.775986842110834907e-01,-3.821745563279500546e-01
-6.806177992924586917e-01,-3.847011955516369541e-01
-6.836567148223761103e-01,-3.872039848059179445e-01
-6.867152422436701986e-01,-3.896827691157225271e-01
-6.897931920969087027e-01,-3.921373946167305280e-01
-6.928903734059188579e-01,-3.945677093248581846e-01
-6.960065943138512568e-01,-3.969735623756779352e-01
-6.991416614730010526e-01,-3.993548048138025330e-01
-7.022953806765628304e-01,-4.017112888120905612e-01
-7.054675562533599953e-01,-4.040428684808043958e-01
-7.086579916946758040e-01,-4.063493990667326750e-01
-7.118664890544995627e-01,-4.086307377819780040e-01
-7.150928495708189780e-01,-4.108867429831442597e-01
-7.183368730719892348e-01,-4.131172750195910015e-01
-7.215983585918774867e-01,-4.153221953928548649e-01
-7.248771037829571107e-01,-4.175013676241888794e-01
-7.281729055246981552e-01,-4.196546563944039687e-01
-7.314855593439815173e-01,-4.217819284304915040e-01
-7.348148600161386046e-01,-4.238830516260934100e-01
-7.381606009932735191e-01,-4.259578959469862425e-01
-7.415225749973599623e-01,-4.280063325324066081e-01
-7.449005734570555148e-01,-4.300282346191564575e-01
-7.482943870922675877e-01,-4.320234766240295676e-01
-7.517038053600368919e-01,-4.339919350862785352e-01
-7.551286170299938982e-01,-4.359334877314072210e-01
-7.585686096398801537e-01,-4.378480144317218326e-01
-7.620235700613237073e-01,-4.397353962517727699e-01
-7.654932839655582688e-01,-4.415955164266925914e-01
-7.689775363789560503e-01,-4.434282593895896296e-01
-7.724761111594963259e-01,-4.452335117673582032e-01
-7.759887915415020210e-01,-4.470111613903450243e-01
-7.795153596233990179e-01,-4.487610983052968128e-01
-7.830555969011124828e-01,-4.504832137676393344e-01
-7.866092837676501581e-01,-4.521774012712108104e-01
-7.901762000346244097e-01,-4.538435555235111885e-01
-7.937561244441819763e-01,-4.554815734918514769e-01
-7.973488351781278238e-01,-4.570913533619481717e-01
-8.009541093827109437e-01,-4.586727956001014350e-01
-8.045717236648394222e-01,-4.602258018955275309e-01
-8.082014536302221108e-01,-4.617502762381608949e-01
-8.118430743661740889e-01,-4.632461238451348606e-01
-8.154963599936009278e-01,-4.647132522537870125e-01
-8.191610841359084905e-01,-4.661515702327138633e-01
-8.228370194853021902e-01,-4.675609888895414512e-01
-8.265239382573262850e-01,-4.689414205669981128e-01
-8.302216117719405375e-01,-4.702927799649946339e-01
-8.339298108932279296e-01,-4.716149830221768036e-01
-8.376483056256952553e-01,-4.729079480518437184e-01
-8.413768655387027229e-01,-4.741715946094549050e-01
-8.451152593784194700e-01,-4.754058446419014428e-01
-8.488632554765442872e-01,-4.766106213414597059e-01
-8.526206213783343868e-01,-4.777858503079128738e-01
-8.563871242351986934e-01,-4.789314583894577204e-01
-8.601625304492021007e-01,-4.800473748571603139e-01
-8.639466060491305388e-01,-4.811335302333386021e-01
-8.677391163518575201e-01,-4.821898574778193947e-01
-8.715398263214950703e-01,-4.832162908043332594e-01
-8.753485002479918231e-01,-4.842127668780284999e-01
-8.791649020890013322e-01,-4.851792236204277575e-01
-8.829887951660647660e-01,-4.861156014176391538e-01
-8.868199424888458804e-01,-4.870218419144397015e-01
-8.906581064692337124e-01,-4.878978892326112926e-01
-8.945030492276098144e-01,-4.887436887547269015e-01
-8.983545323251873604e-01,-4.895591883520268306e-01
-9.022123170519966706e-01,-4.903443371584974009e-01
-9.060761641777597131e-01,-4.910990868076892668e-01
-9.099458342212961570e-01,-4.918233901976911127e-01
-9.138210872202134905e-01,-4.925172027362830218e-01
-9.177016829814556020e-01,-4.931804810974149689e-01
-9.215873808700715264e-01,-4.938131844740674126e-01
-9.254779400406452083e-01,-4.944152733268749600e-01
-9.293731192453843493e-01,-4.949867106440851705e-01
-9.332726770461943211e-01,-4.955274606829077055e-01
-9.371763716423087143e-01,-4.960374902358459792e-01
-9.410839610627863561e-01,-4.965167673656185610e-01
-9.449952030138804027e-01,-4.969652626775286075e-01
-9.489098550517707231e-01,-4.973829480478681453e-01
-9.528276744498708206e-01,-4.977697979004752638e-01
-9.567484183515746476e-01,-4.981257879320372672e-01
-9.606718436575898412e-01,-4.984508963966346462e-01
-9.645977071587052976e-01,-4.987451028184479163e-01
-9.685257654435526220e-01,-4.990083892668220611e-01
-9.724557750106658238e-01,-4.992407390946254631e-01
-9.763874921957924613e-01,-4.994421382662233011e-01
-9.803206732653234612e-01,-4.996125739833805479e-01
-9.842550743669883362e-01,-4.997520358285349462e-01
-9.881904515964711200e-01,-4.998605147916811431e-01
-9.921265609575117272e-01,-4.999380051180131179e-01
-9.960631584315435827e-01,-4.999845018424722287e-01
-1.000000000000000000e+00,-5.000000000000000000e-01
-1.016129032258064280e+00,-5.000000000000000000e-01
-1.032258064516129004e+00,-5.000000000000000000e-01
-1.048387096774193505e+00,-5.000000000000000000e-01
-1.064516129032258007e+00,-5.000000000000000000e-01
-1.080645161290322509e+00,-5.000000000000000000e-01
-1.096774193548387011e+00,-5.000000000000000000e-01
-1.112903225806451513e+00,-5.000000000000000000e-01
-1.129032258064516014e+00,-5.000000000000000000e-01
-1.145161290322580516e+00,-5.000000000000000000e-01
-1.161290322580645018e+00,-5.000000000000000000e-01
-1.177419354838709520e+00,-5.000000000000000000e-01
-1.193548387096774022e+00,-5.000000000000000000e-01
-1.209677419354838523e+00,-5.000000000000000000e-01
-1.225806451612903025e+00,-5.000000000000000000e-01
-1.241935483870967527e+00,-5.000000000000000000e-01
-1.258064516129032029e+00,-5.000000000000000000e-01
-1.274193548387096531e+00,-5.000000000000000000e-01
-1.290322580645161032e+00,-5.000000000000000000e-01
-1.306451612903225534e+00,-5.000000000000000000e-01
-1.322580645161290036e+00,-5.000000000000000000e-01
-1.338709677419354760e+00,-5.000000000000000000e-01
-1.354838709677419262e+00,-5.000000000000000000e-01
-1.370967741935483764e+00,-5.000000000000000000e-01
-1.387096774193548265e+00,-5.000000000000000000e-01
-1.403225806451612767e+00,-5.000000000000000000e-01
-1.419354838709677269e+00,-5.000000000000000000e-01
-1.435483870967741993e+00,-5.000000000000000000e-01
-1.451612903225806495e+00,-5.000000000000000000e-01
-1.467741935483870996e+00,-5.000000000000000000e-01
-1.483870967741935498e+00,-5.000000000000000000e-01
-1.500000000000000000e+00,-5.000000000000000000e-01
-1.516129032258064502e+00,-5.000000000000000000e-01
-1.532258064516129004e+00,-5.000000000000000000e-01
-1.548387096774193505e+00,-5.000000000000000000e-01
-1.564516129032258007e+00,-5.000000000000000000e-01
-1.580645161290322509e+00,-5.000000000000000000e-01
-1.596774193548387011e+00,-5.000000000000000000e-01
-1.612903225806451513e+00,-5.000000000000000000e-01
-1.629032258064516014e+00,-5.000000000000000000e-01
-1.645161290322580516e+00,-5.000000000000000000e-01
-1.661290322580645018e+00,-5.000000000000000000e-01
-1.677419354838709520e+00,-5.000000000000000000e-01
-1.693548387096774022e+00,-5.000000000000000000e-01
-1.709677419354838523e+00,-5.000000000000000000e-01
-1.725806451612903247e+00,-5.000000000000000000e-01
-1.741935483870967749e+00,-5.000000000000000000e-01
-1.758064516129032251e+00,-5.000000000000000000e-01
-1.774193548387096753e+00,-5.000000000000000000e-01
-1.790322580645161255e+00,-5.000000000000000000e-01
-1.806451612903225756e+00,-5.000000000000000000e-01
-1.822580645161290258e+00,-5.000000000000000000e-01
-1.838709677419354760e+00,-5.000000000000000000e-01
-1.854838709677419262e+00,-5.000000000000000000e-01
-1.870967741935483986e+00,-5.000000000000000000e-01
-1.887096774193548487e+00,-5.000000000000000000e-01
-1.903225806451612989e+00,-5.000000000000000000e-01
-1.919354838709677491e+00,-5.000000000000000000e-01
-1.935483870967741993e+00,-5.000000000000000000e-01
-1.951612903225806495e+00,-5.000000000000000000e-01
-1.967741935483870996e+00,-5.000000000000000000e-01
-1.983870967741935498e+00,-5.000000000000000000e-01
-2.000000000000000000e+00,-5.000000000000000000e-01
