-1.000000000000000000e+00,5.000000000000000000e-01
-9.838709677419354982e-01,5.000000000000000000e-01
-9.677419354838709964e-01,5.000000000000000000e-01
-9.516129032258064946e-01,5.000000000000000000e-01
-9.354838709677419928e-01,5.000000000000000000e-01
-9.193548387096773800e-01,5.000000000000000000e-01
-9.032258064516128782e-01,5.000000000000000000e-01
-8.870967741935483764e-01,5.000000000000000000e-01
-8.709677419354838745e-01,5.000000000000000000e-01
-8.548387096774193727e-01,5.000000000000000000e-01
-8.387096774193548709e-01,5.000000000000000000e-01
-8.225806451612902581e-01,5.000000000000000000e-01
-8.064516129032257563e-01,5.000000000000000000e-01
-7.903225806451612545e-01,5.000000000000000000e-01
-7.741935483870967527e-01,5.000000000000000000e-01
-7.580645161290322509e-01,5.000000000000000000e-01
-7.419354838709677491e-01,5.000000000000000000e-01
-7.258064516129032473e-01,5.000000000000000000e-01
-7.096774193548387455e-01,5.000000000000000000e-01
-6.935483870967742437e-01,5.000000000000000000e-01
-6.774193548387097419e-01,5.000000000000000000e-01
-6.612903225806452401e-01,5.000000000000000000e-01
-6.451612903225806273e-01,5.000000000000000000e-01
-6.290322580645161255e-01,5.000000000000000000e-01
-6.129032258064516236e-01,5.000000000000000000e-01
-5.967741935483871218e-01,5.000000000000000000e-01
-5.806451612903226200e-01,5.000000000000000000e-01
-5.645161290322580072e-01,5.000000000000000000e-01
-5.483870967741935054e-01,5.000000000000000000e-01
-5.322580645161290036e-01,5.000000000000000000e-01
-5.161290322580645018e-01,5.000000000000000000e-01
-5.000000000000000000e-01,5.000000000000000000e-01
-4.838709677419354982e-01,5.000000000000000000e-01
-4.677419354838709964e-01,5.000000000000000000e-01
-4.516129032258064946e-01,5.000000000000000000e-01
-4.354838709677419928e-01,5.000000000000000000e-01
-4.193548387096774910e-01,5.000000000000000000e-01
-4.032258064516128782e-01,5.000000000000000000e-01
-3.870967741935483764e-01,5.000000000000000000e-01
-3.709677419354838745e-01,5.000000000000000000e-01
-3.548387096774193727e-01,5.000000000000000000e-01
-3.387096774193548709e-01,5.000000000000000000e-01
-3.225806451612903691e-01,5.000000000000000000e-01
-3.064516129032258673e-01,5.000000000000000000e-01
-2.903225806451612545e-01,5.000000000000000000e-01
-2.741935483870967527e-01,5.000000000000000000e-01
-2.580645161290322509e-01,5.000000000000000000e-01
-2.419354838709677491e-01,5.000000000000000000e-01
-2.258064516129032473e-01,5.000000000000000000e-01
-2.096774193548387455e-01,5.000000000000000000e-01
-1.935483870967742437e-01,5.000000000000000000e-01
-1.774193548387097419e-01,5.000000000000000000e-01
-1.612903225806452401e-01,5.000000000000000000e-01
-1.451612903225806273e-01,5.000000000000000000e-01
-1.290322580645161255e-01,5.000000000000000000e-01
-1.129032258064516236e-01,5.000000000000000000e-01
-9.677419354838712184e-02,5.000000000000000000e-01
-8.064516129032262004e-02,5.000000000000000000e-01
-6.451612903225811824e-02,5.000000000000000000e-01
-4.838709677419361643e-02,5.000000000000000000e-01
-3.225806451612900361e-02,5.000000000000000000e-01
-1.612903225806450180e-02,5.000000000000000000e-01
1.526556658859590243e-16,5.000000000000001110e-01
3.936841568456742567e-03,4.999845018424722842e-01
7.873439042488373368e-03,4.999380051180131179e-01
1.180954840352888523e-02,4.998605147916810876e-01
1.574492563301145565e-02,4.997520358285350017e-01
1.967932673467645208e-02,4.996125739833805479e-01
2.361250780420778156e-02,4.994421382662233011e-01
2.754422498933440516e-02,4.992407390946254631e-01
3.147423455644755841e-02,4.990083892668220611e-01
3.540229284129502857e-02,4.987451028184479163e-01
3.932815634241031838e-02,4.984508963966347017e-01
4.325158164842554664e-02,4.981257879320372672e-01
4.717232555012927653e-02,4.977697979004752082e-01
5.109014494822948504e-02,4.973829480478680343e-01
5.500479698611979162e-02,4.969652626775284965e-01
5.891603893721375496e-02,4.965167673656185610e-01
6.282362835769150777e-02,4.960374902358459237e-01
6.672732295380584544e-02,4.955274606829076500e-01
7.062688075461573400e-02,4.949867106440851150e-01
7.452205995935505534e-02,4.944152733268749045e-01
7.841261912992870953e-02,4.938131844740674126e-01
8.229831701854449511e-02,4.931804810974149689e-01
8.617891277978677322e-02,4.925172027362830218e-01
9.005416577870409278e-02,4.918233901976911127e-01
9.392383582224038407e-02,4.910990868076892113e-01
9.778768294800342653e-02,4.903443371584974564e-01
1.016454676748128338e-01,4.895591883520268306e-01
1.054969507723902689e-01,4.887436887547268460e-01
1.093418935307663709e-01,4.878978892326112371e-01
1.131800575111545915e-01,4.870218419144395905e-01
1.170112048339358723e-01,4.861156014176390427e-01
1.208350979109987788e-01,4.851792236204277575e-01
1.246514997520080242e-01,4.842127668780285554e-01
1.284601736785046799e-01,4.832162908043333149e-01
1.322608836481425632e-01,4.821898574778193391e-01
1.360533939508700718e-01,4.811335302333384356e-01
1.398374695507984822e-01,4.800473748571602028e-01
1.436128757648014731e-01,4.789314583894577204e-01
1.473793786216654744e-01,4.777858503079128183e-01
1.511367445234556295e-01,4.766106213414598725e-01
1.548847406215806410e-01,4.754058446419013872e-01
1.586231344612976657e-01,4.741715946094547940e-01
1.623516943743049112e-01,4.729079480518436074e-01
1.660701891067722091e-01,4.716149830221768591e-01
1.697783882280595735e-01,4.702927799649945784e-01
1.734760617426739371e-01,4.689414205669980018e-01
1.771629805146980041e-01,4.675609888895413402e-01
1.808389158640915928e-01,4.661515702327138633e-01
1.845036400063992665e-01,4.647132522537868460e-01
1.881569256338261331e-01,4.632461238451348051e-01
1.917985463697779169e-01,4.617502762381608949e-01
1.954282763351607444e-01,4.602258018955274754e-01
1.990458906172892228e-01,4.586727956001014350e-01
2.026511648218723149e-01,4.570913533619481162e-01
2.062438755558182457e-01,4.554815734918513659e-01
2.098237999653757568e-01,4.538435555235111329e-01
2.133907162323499807e-01,4.521774012712107549e-01
2.169444030988876282e-01,4.504832137676392789e-01
2.204846403766011209e-01,4.487610983052967017e-01
2.240112084584981456e-01,4.470111613903449688e-01
2.275238888405036741e-01,4.452335117673582032e-01
2.310224636210441718e-01,4.434282593895895186e-01
2.345067160344418422e-01,4.415955164266925359e-01
2.379764299386763760e-01,4.397353962517727699e-01
2.414313903601200406e-01,4.378480144317217215e-01
2.448713829700060463e-01,4.359334877314072210e-01
2.482961946399628861e-01,4.339919350862787017e-01
2.517056129077324123e-01,4.320234766240296231e-01
2.550994265429445962e-01,4.300282346191564020e-01
2.584774250026404263e-01,4.280063325324063861e-01
2.618393990067270360e-01,4.259578959469858539e-01
2.651851399838617285e-01,4.238830516260932990e-01
2.685144406560182606e-01,4.217819284304916150e-01
2.718270944753017893e-01,4.196546563944039687e-01
2.751228962170430559e-01,4.175013676241888239e-01
2.784016414081226798e-01,4.153221953928547538e-01
2.816631269280108207e-01,4.131172750195908905e-01
2.849071504291810220e-01,4.108867429831441487e-01
2.881335109455001597e-01,4.086307377819781705e-01
2.913420083053240850e-01,4.063493990667328415e-01
2.945324437466401712e-01,4.040428684808042847e-01
2.977046193234373916e-01,4.017112888120903946e-01
3.008583385269989474e-01,3.993548048138024775e-01
3.039934056861488543e-01,3.969735623756778242e-01
3.071096265940812531e-01,3.945677093248580181e-01
3.102068079030914638e-01,3.921373946167303615e-01
3.132847577563299679e-01,3.896827691157223605e-01
3.163432851776240562e-01,3.872039848059177780e-01
3.193822007075414193e-01,3.847011955516367876e-01
3.224013157889165093e-01,3.821745563279499436e-01
3.254004434066003482e-01,3.796242239609367020e-01
3.283793974693080542e-01,3.770503563782007239e-01
3.313379934524335879e-01,3.744531133287167246e-01
3.342760477768361715e-01,3.718326556534310434e-01
3.371933784540944168e-01,3.691891459846283752e-01
3.400898044628524741e-01,3.665227480366817780e-01
3.429651463958871549e-01,3.638336272848881059e-01
3.458192258346325376e-01,3.611219502764153044e-01
3.486518659974360279e-01,3.583878852885751254e-01
3.514628911128833688e-01,3.556316016599911922e-01
3.542521270686136980e-01,3.528532704283010579e-01
3.570194007840685191e-01,3.500530636815497587e-01
3.597645408592398120e-01,3.472311551753295422e-01
3.624873769474606378e-01,3.443877197043876959e-01
3.651877404034629682e-01,3.415229336992312570e-01
3.678654636568299274e-01,3.386369746179147544e-01
3.705203808587385628e-01,3.357300215221596940e-01
3.731523272566921734e-01,3.328022544892686452e-01
3.757611398393251312e-01,3.298538551678280584e-01
3.783466567130296387e-01,3.268850062096783082e-01
3.809087177442062044e-01,3.238958918052837754e-01
3.834471639383970620e-01,3.208866971356680309e-01
3.859618380793660153e-01,3.178576088875584849e-01
3.884525841113450340e-01,3.148088147251785762e-01
3.909192477743341221e-01,3.117405037852900573e-01
3.933616759900669391e-01,3.086528661687117925e-01
3.957797174929205686e-01,3.055460934154063390e-01
3.981732222202020166e-01,3.024203780155768073e-01
4.005420419380666397e-01,2.992759138649596085e-01
4.028860296367164362e-01,2.961128957953356733e-01
4.052050401507337196e-01,2.929315200102088346e-01
4.074989295597807315e-01,2.897319836345462196e-01
4.097675558027567000e-01,2.865144851310426621e-01
4.120107780845806977e-01,2.832792238688888187e-01
4.142284574835897737e-01,2.800264005208376594e-01
4.164204563649815949e-01,2.767562166507797627e-01
4.185866389808744481e-01,2.734688750918491396e-01
4.207268708909789878e-01,2.701645795525670080e-01
4.228410195547547268e-01,2.668435349762366959e-01
4.249289537598670563e-01,2.635059471654048746e-01
4.269905442058808953e-01,2.601520231228141578e-01
4.290256629410569844e-01,2.567819706939080682e-01
4.310341839370278594e-01,2.533959988896314908e-01
4.330159825344784275e-01,2.499943175466882994e-01
4.349709360082631981e-01,2.465771376324909225e-01
4.368989230225023279e-01,2.431446709228699266e-01
4.387998241856080894e-01,2.396971302894904954e-01
4.406735215153215757e-01,2.362347293946908955e-01
4.425198989831236052e-01,2.327576829617054033e-01
4.443388419897269515e-01,2.292662064862927840e-01
4.461302378983614259e-01,2.257605164901138606e-01
4.478939755212225093e-01,2.222408302488006193e-01
4.496299456411287920e-01,2.187073660288575139e-01
4.513380405094204462e-01,2.151603428318010769e-01
4.530181543554997470e-01,2.115999806149643503e-01
4.546701828966587255e-01,2.080265000513278340e-01
4.562940238350258193e-01,2.044401227346220595e-01
4.578895763797909968e-01,2.008410709544522776e-01
4.594567417310920221e-01,1.972295678861134272e-01
4.609954226150932421e-01,1.936058373805959187e-01
4.625055237543601594e-01,1.899701041395348289e-01
4.639869514162351383e-01,1.863225935196738126e-01
4.654396138692584728e-01,1.826635316933881426e-01
4.668634209452720563e-01,1.789931454671680744e-01
4.682582844814619505e-01,1.753116624281675917e-01
4.696241178966046315e-01,1.716193107762570280e-01
4.709608366183206662e-01,1.679163194570554851e-01
4.722683576738647138e-01,1.642029180070929961e-01
4.735466001021917393e-01,1.604793366738161975e-01
4.747954845596807361e-01,1.567458062733781965e-01
4.760149337166289518e-01,1.530025582980591992e-01
4.772048718782825327e-01,1.492498247862181493e-01
4.783652253653911668e-01,1.454878384177983319e-01
4.794959221509034752e-01,1.417168323958722942e-01
4.805968922242298547e-01,1.379370405301004743e-01
4.816680672439453414e-01,1.341486971296221853e-01
4.827093808854196477e-01,1.303520370773748882e-01
4.837207685098563470e-01,1.265472957328808434e-01
4.847021674949823500e-01,1.227347089890640230e-01
4.856535169207295555e-01,1.189145131877428485e-01
4.865747578826272179e-01,1.150869451926073705e-01
4.874658331944418110e-01,1.112522423049367576e-01
4.883266876841670379e-01,1.074106422299293678e-01
4.891572679138366797e-01,1.035623830347735252e-01
4.899575224571497967e-01,9.970770346825115482e-02
4.907274016369475578e-01,9.584684280843977500e-02
4.914668577867908339e-01,9.198003982561921144e-02
4.921758450055319645e-01,8.810753306058953516e-02
4.928543193930240984e-01,8.422956480057360029e-02
4.935022388249103442e-01,8.034637986443174396e-02
4.941195631979190539e-01,7.645821087849191677e-02
4.947062542148311093e-01,7.256528238151567500e-02
4.952622755063361137e-01,6.866786568638810762e-02
4.957875924625939623e-01,6.476626422827358454e-02
4.962821727259209559e-01,6.086060934995410343e-02
4.967459859415018220e-01,5.695091172152049602e-02
4.971790027801262224e-01,5.303782149422445191e-02
4.975811950564152930e-01,4.912244787113162481e-02
4.979525401326711509e-01,4.520352966610678008e-02
4.982930198363639263e-01,4.127806552822488317e-02
4.986026047446962539e-01,3.735184479361691734e-02
4.988812573671972950e-01,3.343725532663761879e-02
4.991289912169131204e-01,2.951409114820616186e-02
4.993458592997810919e-01,2.553713945964113802e-02
4.995317347771491834e-01,2.158203196627287573e-02
4.996863501669056018e-01,1.781913681129879481e-02
4.998101139373261059e-01,1.397081893492318171e-02
4.999039761946060811e-01,9.400678328846114387e-03
4.999663904890828681e-01,5.133053530769629037e-03
4.999940178964077941e-01,3.676553619612952031e-03
4.999983747742127171e-01,4.217794940725073764e-03
5.000044729496314622e-01,2.743954273706703841e-03
5.000087892392536260e-01,-1.532093149135816757e-03
4.999796512993405218e-01,-6.099585104844915118e-03
4.999079686948378343e-01,-9.947221246806289829e-03
4.998083517121303943e-01,-1.371303151548601551e-02
4.996853385856718233e-01,-1.767115747445592577e-02
4.995322047307480529e-01,-2.165077921027549687e-02
4.993461331573695317e-01,-2.557720076463062056e-02
4.991288659040777342e-01,-2.949575973826918870e-02
4.988811832367174848e-01,-3.342641113650270807e-02
4.986026381551375009e-01,-3.735673224582264362e-02
4.982930399003696054e-01,-4.128100059477910616e-02
4.979525312260293934e-01,-4.520222675646819871e-02
4.975811896265628365e-01,-4.912165356421897139e-02
4.971790051541764011e-01,-5.303816878256276124e-02
4.967459874107958973e-01,-5.695112665745427627e-02
4.962821720932049097e-01,-6.086051679296716754e-02
4.957875920650542945e-01,-6.476620607412150732e-02
4.952622756749409660e-01,-6.866789035077176806e-02
4.947062543223794129e-01,-7.256529811424781984e-02
4.941195631529957111e-01,-7.645820430687463864e-02
4.935022387958179491e-01,-8.034637560864388295e-02
4.928543194049918585e-01,-8.422956655128298331e-02
4.921758450134006702e-01,-8.810753421167825949e-02
4.914668577836029395e-01,-9.198003935928809882e-02
4.907274016348194268e-01,-9.584684249713126825e-02
4.899575224579987842e-01,-9.970770359244865433e-02
4.891572679144121083e-01,-1.035623831189575045e-01
4.883266876839409409e-01,-1.074106421968570313e-01
4.874658331942862133e-01,-1.112522422821743823e-01
4.865747578826874475e-01,-1.150869452014131322e-01
4.856535169207715774e-01,-1.189145131938971062e-01
4.847021674949662517e-01,-1.227347089867200230e-01
4.837207685098449672e-01,-1.265472957312173963e-01
4.827093808854238111e-01,-1.303520370779989446e-01
4.816680672439483391e-01,-1.341486971300720477e-01
4.805968922242286889e-01,-1.379370405299346625e-01
4.794959221509026426e-01,-1.417168323957508913e-01
4.783652253653914443e-01,-1.454878384178427408e-01
4.772048718782826437e-01,-1.492498247862511507e-01
4.760149337166287853e-01,-1.530025582980475696e-01
4.747954845596805140e-01,-1.567458062733695645e-01
4.735466001021916838e-01,-1.604793366738194726e-01
4.722683576738646583e-01,-1.642029180070956329e-01
4.709608366183206107e-01,-1.679163194570547912e-01
4.696241178966046870e-01,-1.716193107762565284e-01
4.682582844814618395e-01,-1.753116624281680636e-01
4.668634209452718897e-01,-1.789931454671684075e-01
4.654396138692584173e-01,-1.826635316933881703e-01
4.639869514162350272e-01,-1.863225935196739791e-01
4.625055237543602149e-01,-1.899701041395350232e-01
4.609954226150931866e-01,-1.936058373805961130e-01
4.594567417310919111e-01,-1.972295678861135937e-01
4.578895763797910523e-01,-2.008410709544520834e-01
4.562940238350258748e-01,-2.044401227346218930e-01
4.546701828966587255e-01,-2.080265000513277784e-01
4.530181543554996360e-01,-2.115999806149646556e-01
4.513380405094203351e-01,-2.151603428318012989e-01
4.496299456411288475e-01,-2.187073660288575416e-01
4.478939755212225649e-01,-2.222408302488005083e-01
4.461302378983615369e-01,-2.257605164901134998e-01
4.443388419897270070e-01,-2.292662064862927562e-01
4.425198989831234941e-01,-2.327576829617057086e-01
4.406735215153215202e-01,-2.362347293946911730e-01
4.387998241856080894e-01,-2.396971302894906064e-01
4.368989230225022169e-01,-2.431446709228701764e-01
4.349709360082630871e-01,-2.465771376324911446e-01
4.330159825344783719e-01,-2.499943175466883549e-01
4.310341839370277484e-01,-2.533959988896316573e-01
4.290256629410568734e-01,-2.567819706939082347e-01
4.269905442058808398e-01,-2.601520231228142688e-01
4.249289537598670008e-01,-2.635059471654049856e-01
4.228410195547545603e-01,-2.668435349762368625e-01
4.207268708909789878e-01,-2.701645795525670635e-01
4.185866389808743926e-01,-2.734688750918491951e-01
4.164204563649814839e-01,-2.767562166507798738e-01
4.142284574835898292e-01,-2.800264005208376039e-01
4.120107780845805867e-01,-2.832792238688888742e-01
4.097675558027565335e-01,-2.865144851310428287e-01
4.074989295597807315e-01,-2.897319836345463306e-01
4.052050401507336641e-01,-2.929315200102090011e-01
4.028860296367162697e-01,-2.961128957953358953e-01
4.005420419380665287e-01,-2.992759138649597750e-01
3.981732222202019056e-01,-3.024203780155769183e-01
3.957797174929205131e-01,-3.055460934154065056e-01
3.933616759900666615e-01,-3.086528661687120145e-01
3.909192477743340666e-01,-3.117405037852901128e-01
3.884525841113450895e-01,-3.148088147251784097e-01
3.859618380793660153e-01,-3.178576088875583738e-01
3.834471639383971175e-01,-3.208866971356679199e-01
3.809087177442060379e-01,-3.238958918052838865e-01
3.783466567130294167e-01,-3.268850062096785858e-01
3.757611398393251312e-01,-3.298538551678280584e-01
3.731523272566923399e-01,-3.328022544892685342e-01
3.705203808587386738e-01,-3.357300215221595829e-01
3.678654636568298164e-01,-3.386369746179148654e-01
3.651877404034628016e-01,-3.415229336992314235e-01
3.624873769474604712e-01,-3.443877197043878069e-01
3.597645408592396454e-01,-3.472311551753297088e-01
3.570194007840684636e-01,-3.500530636815498697e-01
3.542521270686136425e-01,-3.528532704283011689e-01
3.514628911128832023e-01,-3.556316016599913588e-01
3.486518659974359169e-01,-3.583878852885752364e-01
3.458192258346323711e-01,-3.611219502764154154e-01
3.429651463958868773e-01,-3.638336272848882169e-01
3.400898044628524186e-01,-3.665227480366817780e-01
3.371933784540943058e-01,-3.691891459846284862e-01
3.342760477768360050e-01,-3.718326556534311544e-01
3.313379934524335324e-01,-3.744531133287167801e-01
3.283793974693079432e-01,-3.770503563782008349e-01
3.254004434066001816e-01,-3.796242239609368130e-01
3.224013157889164538e-01,-3.821745563279500546e-01
3.193822007075413638e-01,-3.847011955516369541e-01
3.163432851776238897e-01,-3.872039848059179445e-01
3.132847577563298569e-01,-3.896827691157225271e-01
3.102068079030913528e-01,-3.921373946167305280e-01
3.071096265940811976e-01,-3.945677093248581846e-01
3.039934056861487432e-01,-3.969735623756779352e-01
3.008583385269988919e-01,-3.993548048138025330e-01
2.977046193234372251e-01,-4.017112888120905612e-01
2.945324437466400047e-01,-4.040428684808043958e-01
2.913420083053242515e-01,-4.063493990667326750e-01
2.881335109455004373e-01,-4.086307377819780040e-01
2.849071504291810220e-01,-4.108867429831442597e-01
2.816631269280108207e-01,-4.131172750195910015e-01
2.784016414081225133e-01,-4.153221953928548649e-01
2.751228962170429448e-01,-4.175013676241888794e-01
2.718270944753019003e-01,-4.196546563944039687e-01
2.685144406560185382e-01,-4.217819284304915040e-01
2.651851399838614509e-01,-4.238830516260934100e-01
2.618393990067264809e-01,-4.259578959469862425e-01
2.584774250026400377e-01,-4.280063325324066081e-01
2.550994265429445407e-01,-4.300282346191564575e-01
2.517056129077324678e-01,-4.320234766240295676e-01
2.482961946399631359e-01,-4.339919350862785352e-01
2.448713829700060740e-01,-4.359334877314072210e-01
2.414313903601198186e-01,-4.378480144317218326e-01
2.379764299386762649e-01,-4.397353962517727699e-01
2.345067160344417034e-01,-4.415955164266925914e-01
2.310224636210439775e-01,-4.434282593895896296e-01
2.275238888405036464e-01,-4.452335117673582032e-01
2.240112084584980068e-01,-4.470111613903450243e-01
2.204846403766009544e-01,-4.487610983052968128e-01
2.169444030988875172e-01,-4.504832137676393344e-01
2.133907162323498696e-01,-4.521774012712108104e-01
2.098237999653756458e-01,-4.538435555235111885e-01
2.062438755558179682e-01,-4.554815734918514769e-01
2.026511648218722039e-01,-4.570913533619481717e-01
1.990458906172890563e-01,-4.586727956001014350e-01
1.954282763351605501e-01,-4.602258018955275309e-01
1.917985463697778614e-01,-4.617502762381608949e-01
1.881569256338259388e-01,-4.632461238451348606e-01
1.845036400063990445e-01,-4.647132522537870125e-01
1.808389158640915373e-01,-4.661515702327138633e-01
1.771629805146978376e-01,-4.675609888895414512e-01
1.734760617426737428e-01,-4.689414205669981128e-01
1.697783882280594625e-01,-4.702927799649946339e-01
1.660701891067720981e-01,-4.716149830221768036e-01
1.623516943743047170e-01,-4.729079480518437184e-01
1.586231344612973049e-01,-4.741715946094549050e-01
1.548847406215805023e-01,-4.754058446419014428e-01
1.511367445234557683e-01,-4.766106213414597059e-01
1.473793786216656132e-01,-4.777858503079128738e-01
1.436128757648013066e-01,-4.789314583894577204e-01
1.398374695507978716e-01,-4.800473748571603139e-01
1.360533939508694889e-01,-4.811335302333386021e-01
1.322608836481424521e-01,-4.821898574778193947e-01
1.284601736785048742e-01,-4.832162908043332594e-01
1.246514997520081908e-01,-4.842127668780284999e-01
1.208350979109986401e-01,-4.851792236204277575e-01
1.170112048339352756e-01,-4.861156014176391538e-01
1.131800575111540919e-01,-4.870218419144397015e-01
1.093418935307663292e-01,-4.878978892326112926e-01
1.054969507723901995e-01,-4.887436887547269015e-01
1.016454676748126118e-01,-4.895591883520268306e-01
9.778768294800334326e-02,-4.903443371584974009e-01
9.392383582224024530e-02,-4.910990868076892668e-01
9.005416577870388462e-02,-4.918233901976911127e-01
8.617891277978649567e-02,-4.925172027362830218e-01
8.229831701854439796e-02,-4.931804810974149689e-01
7.841261912992851524e-02,-4.938131844740674126e-01
7.452205995935480554e-02,-4.944152733268749600e-01
7.062688075461563686e-02,-4.949867106440851705e-01
6.672732295380565115e-02,-4.955274606829077055e-01
6.282362835769124410e-02,-4.960374902358459792e-01
5.891603893721365781e-02,-4.965167673656185610e-01
5.500479698611963203e-02,-4.969652626775286075e-01
5.109014494822925606e-02,-4.973829480478681453e-01
4.717232555012920020e-02,-4.977697979004752638e-01
4.325158164842540093e-02,-4.981257879320372672e-01
3.932815634241010327e-02,-4.984508963966346462e-01
3.540229284129475795e-02,-4.987451028184479163e-01
3.147423455644742657e-02,-4.990083892668220611e-01
2.754422498933414148e-02,-4.992407390946254631e-01
2.361250780420751094e-02,-4.994421382662233011e-01
1.967932673467659085e-02,-4.996125739833805479e-01
1.574492563301171585e-02,-4.997520358285349462e-01
1.180954840352892339e-02,-4.998605147916811431e-01
7.873439042488267550e-03,-4.999380051180131179e-01
3.936841568456379142e-03,-4.999845018424722287e-01
-9.184850993605148438e-17,-5.000000000000000000e-01
-1.612903225806427976e-02,-5.000000000000000000e-01
-3.225806451612889258e-02,-5.000000000000000000e-01
-4.838709677419339439e-02,-5.000000000000000000e-01
-6.451612903225789619e-02,-5.000000000000000000e-01
-8.064516129032239800e-02,-5.000000000000000000e-01
-9.677419354838689980e-02,-5.000000000000000000e-01
-1.129032258064514016e-01,-5.000000000000000000e-01
-1.290322580645160144e-01,-5.000000000000000000e-01
-1.451612903225805162e-01,-5.000000000000000000e-01
-1.612903225806450180e-01,-5.000000000000000000e-01
-1.774193548387095198e-01,-5.000000000000000000e-01
-1.935483870967740216e-01,-5.000000000000000000e-01
-2.096774193548385234e-01,-5.000000000000000000e-01
-2.258064516129030253e-01,-5.000000000000000000e-01
-2.419354838709676381e-01,-5.000000000000000000e-01
-2.580645161290321399e-01,-5.000000000000000000e-01
-2.741935483870966417e-01,-5.000000000000000000e-01
-2.903225806451611435e-01,-5.000000000000000000e-01
-3.064516129032256453e-01,-5.000000000000000000e-01
-3.225806451612901471e-01,-5.000000000000000000e-01
-3.387096774193547599e-01,-5.000000000000000000e-01
-3.548387096774192617e-01,-5.000000000000000000e-01
-3.709677419354837635e-01,-5.000000000000000000e-01
-3.870967741935482653e-01,-5.000000000000000000e-01
-4.032258064516127671e-01,-5.000000000000000000e-01
-4.193548387096772689e-01,-5.000000000000000000e-01
-4.354838709677418818e-01,-5.000000000000000000e-01
-4.516129032258063836e-01,-5.000000000000000000e-01
-4.677419354838708854e-01,-5.000000000000000000e-01
-4.838709677419353872e-01,-5.000000000000000000e-01
-4.999999999999998890e-01,-5.000000000000000000e-01
-5.161290322580645018e-01,-5.000000000000000000e-01
-5.322580645161290036e-01,-5.000000000000000000e-01
-5.483870967741935054e-01,-5.000000000000000000e-01
-5.645161290322580072e-01,-5.000000000000000000e-01
-5.806451612903225090e-01,-5.000000000000000000e-01
-5.967741935483870108e-01,-5.000000000000000000e-01
-6.129032258064515126e-01,-5.000000000000000000e-01
-6.290322580645160144e-01,-5.000000000000000000e-01
-6.451612903225805162e-01,-5.000000000000000000e-01
-6.612903225806450180e-01,-5.000000000000000000e-01
-6.774193548387096309e-01,-5.000000000000000000e-01
-6.935483870967741327e-01,-5.000000000000000000e-01
-7.096774193548386345e-01,-5.000000000000000000e-01
-7.258064516129032473e-01,-5.000000000000000000e-01
-7.419354838709677491e-01,-5.000000000000000000e-01
-7.580645161290322509e-01,-5.000000000000000000e-01
-7.741935483870967527e-01,-5.000000000000000000e-01
-7.903225806451612545e-01,-5.000000000000000000e-01
-8.064516129032257563e-01,-5.000000000000000000e-01
-8.225806451612902581e-01,-5.000000000000000000e-01
-8.387096774193547599e-01,-5.000000000000000000e-01
-8.548387096774192617e-01,-5.000000000000000000e-01
-8.709677419354838745e-01,-5.000000000000000000e-01
-8.870967741935483764e-01,-5.000000000000000000e-01
-9.032258064516128782e-01,-5.000000000000000000e-01
-9.193548387096773800e-01,-5.000000000000000000e-01
-9.354838709677418818e-01,-5.000000000000000000e-01
-9.516129032258064946e-01,-5.000000000000000000e-01
-9.677419354838709964e-01,-5.000000000000000000e-01
-9.838709677419354982e-01,-5.000000000000000000e-01
-1.000000000000000000e+00,-5.000000000000000000e-01
