iteration,particle_idx,error,MIGRATION_FRACTION,KDIV
0,0,31.323755852387414,0.15660667335455825,0.0006606673354558259
0,1,24.2244634233978,0.15802924063830062,0.015969590730496728
0,2,36.71137427962689,0.12691427133760966,0.028024760467094293
0,3,27.10014266286102,0.13877208045460923,0.04437720804546092
0,4,24.024753318902242,0.121748426311563,0.05784150929782296
0,5,35.25433533454683,0.10251975113524017,0.07108530844685734
0,6,22.013203916384725,0.1341457031087408,0.08941457031087408
0,7,17.453730349566072,0.11874147425015032,0.10304081409168168
0,8,27.023502187573246,0.09335491614366503,0.11566882494769982
0,9,14.630865401922323,0.09042438027788796,0.13054243802778878
0,10,27.850824319559315,0.07318040986002736,0.14398470765266938
0,11,39.26121004135202,0.06748624376793069,0.1585819577101264
0,12,15.151424598632435,0.06848450859699219,0.17384845085969922
0,13,19.903188261853643,0.08545037467486417,0.1907117041341531
0,14,33.39511799409922,0.06252386812885262,0.20358572014621856
0,15,21.812081210985994,0.04730456661092302,0.21723045666109228
0,16,22.03449368943222,0.0670672519904445,0.2343733918657111
0,17,25.12406275619722,0.06729725314000148,0.24956305864733347
0,18,31.209214398361173,0.060724996128405484,0.2640724996128405
0,19,31.03502218957371,0.056111362627075265,0.27877780292937415
0,20,20.935677551722748,0.024644975170115734,0.2907978308503449
0,21,26.137579414844144,0.03433675384748137,0.3069336753847481
0,22,29.945388807595794,0.040321184777972446,0.3226987851444639
0,23,28.047674255362143,0.018345836998268326,0.3356679170331601
0,24,34.034151124669656,0.01854397112042943,0.3508543971120429
1,0,22.14842695520418,0.14845771494836082,0.022907352472380942
1,1,29.742424941081904,0.14726904980272354,0.04287006781943942
1,2,23.76331650754247,0.1400221670455022,0.004844999386354028
1,3,22.266266032957535,0.1501798945637485,0.009493378370380168
1,4,22.503159763786755,0.11293218409105113,0.07988211484910264
1,5,20.1278959630864,0.12101942125318023,0.04101817483481507
1,6,22.561589096885307,0.12064689573379357,0.11477168837177554
1,7,21.207770262881663,0.11173107960833754,0.12056680069621362
1,8,29.48593793807397,0.07999923565717816,0.15339620871181162
1,9,21.427009821326628,0.10185364431289667,0.10196927794026701
1,10,14.157469393753054,0.06425756043798105,0.16629183120778515
1,11,16.584523934527695,0.056928350300061936,0.1835202488648453
1,12,31.155783151842947,0.08148193875676524,0.1413548754602666
1,13,20.37553374839758,0.07350686057053953,0.2205704893949647
1,14,32.38936800945811,0.07009126517558623,0.17783467819508758
1,15,31.36032708095866,0.03412782662336974,0.25017230662997547
1,16,23.079613976836352,0.08216228473780789,0.19663580999730262
1,17,25.93349098298783,0.05827762745175257,0.2721121228679558
1,18,21.98909336731239,0.05051816754431576,0.28828808045510423
1,19,19.031088049280694,0.06963612215502586,0.24496590410949765
1,20,21.276140262985948,0.03465153794733497,0.2657814239072968
1,21,27.61206746805467,0.022525808935453785,0.33646103766481705
1,22,40.22372324523077,0.02948377586236147,0.3440052844805049
1,23,31.900712916987835,0.0064468765960529854,0.3654153180386985
1,24,29.27384383942106,0.02667304345783693,0.3290556991095942
2,0,27.932981157191133,0.14193854822340288,0.040704700581921036
2,1,46.97342009907816,0.13182302718818698,0.06407644972678712
2,2,129.96297830168916,0.1540396055106436,0.48760389059185727
2,3,115.49981016720851,0.15930614585105993,0.48158631463031554
2,4,19.908847747349498,0.10425538051946401,0.10182923685701586
2,5,24.75826090515128,0.13581915734753228,0.01696446794518125
2,6,21.70142416032961,0.10655350256190224,0.1364497873495039
2,7,19.97729502673133,0.10612276389488733,0.13458758997983916
2,8,19.003673589488137,0.06931469126798867,0.18357811572310107
2,9,27.930082749962693,0.11099705554090364,0.0791107498702496
2,10,17.876788422150046,0.057119280900344,0.18413753005187777
2,11,36.406712634668196,0.04848203552576693,0.20347088178862044
2,12,24.879111408004952,0.09132255750047943,0.11695309164262936
2,13,22.386998312660122,0.0639520492870798,0.244457517603614
2,14,38.14797263748093,0.07292881514793216,0.15840571348890575
2,15,26.45913253127416,0.023597645598082105,0.2791275030094622
2,16,18.22898009716927,0.09411213906017797,0.1628508657592343
2,17,23.047279742402143,0.04312099092432946,0.2892918010713971
2,18,31.684930476212756,0.04235270467704398,0.3076605451289152
2,19,17.895336334054246,0.08045592977738635,0.21791638505359645
2,20,28.68124635054082,0.04265678816911036,0.24576829835285835
2,21,31.172049586024205,0.013077053005831717,0.3600829274888722
2,22,31.463254360598985,0.020623275699669548,0.3594818074503413
2,23,204.71263977005503,0.9969277082742807,0.38921323884312914
2,24,25.89026054712509,0.031907493600690826,0.312607549259691
3,0,31.040064404696096,0.13672321484343652,0.05494257906955311
3,1,15.637125169576793,0.11524449572593451,0.0858361865824958
3,2,118.55389383862149,0.1664277973676781,0.4733480199083345
3,3,104.05163125982948,0.16660714688090905,0.45926066363826384
3,4,23.613849265268648,0.09731393766219432,0.11938693446334644
3,5,119.94668644328884,0.14765894622301393,0.4977215024334742
3,6,25.70451839243996,0.0951162729220276,0.15313068905072885
3,7,29.166497727744584,0.10163611132412716,0.1458042214067396
3,8,24.663378813139577,0.05940514708620509,0.20788279515713434
3,9,25.217236892038628,0.1183117845233092,0.06082392741423567
3,10,33.642937417853034,0.051408657270234366,0.19841408912715186
3,11,26.798084551694657,0.04469403866405343,0.21594709077680613
3,12,26.98265619521407,0.10059250143648896,0.09162411551246562
3,13,23.691735461382446,0.056308200260312025,0.26356714017053345
3,14,20.35670323186905,0.08160306575412904,0.14316762315185821
3,15,23.554605908774718,0.0204830746474211,0.3051085874792986
3,16,19.463106010853902,0.10367202251807404,0.13582291036877964
3,17,25.361072334105348,0.03099568170239097,0.3030355436341502
3,18,27.455290273166923,0.03459866547622953,0.3238975529492467
3,19,16.049508183529657,0.08911177587527473,0.19627676980887548
3,20,23.151415673962426,0.050115005417257705,0.22932755258557017
3,21,33.83093559043209,0.005518048262134062,0.37898043934811637
3,22,36.966628119369396,0.012157233801434528,0.3720508592830289
3,23,187.2966718044019,0.7469277082742807,0.41211841319396003
3,24,25.09367762414248,0.03609505371497394,0.2994490293797684
4,0,20.73713264583976,0.13125955751333032,0.06661625525993675
4,1,21.362982892854895,0.10198167055613254,0.10324397606706273
4,2,108.60281411740576,0.17638817479677488,0.45700002370160137
4,3,107.82427895134752,0.17244794770478836,0.4414001428446225
4,4,22.832601456592815,0.09241217233011575,0.1370566691870259
4,5,118.38328619212751,0.15901083072384517,0.4788789715402847
4,6,35.1693897947486,0.08596648921012787,0.16647541041170882
4,7,17.904231150847792,0.09781040629738494,0.15490715613600273
4,8,30.901943057317247,0.05147751174077823,0.22732653870436098
4,9,19.281528506114523,0.12416356770923366,0.04619446944942453
4,10,33.57891352033538,0.047182655605125794,0.21255818363900725
4,11,30.37119801865224,0.042902245024763704,0.22374483625367828
4,12,24.90084253594826,0.11237844984830472,0.06937201100581063
4,13,23.009258456870246,0.0493902816916623,0.2659105713589297
4,14,14.714499958254342,0.08854246623908654,0.1309771508822202
4,15,25.95628288386355,0.0179914178868923,0.3258934550551677
4,16,25.532214920960666,0.1113199292843909,0.1142005460564159
4,17,25.413062201495958,0.02288946537157943,0.3131085417570659
4,18,25.632821771201154,0.024144832860304263,0.3336178548077474
4,19,19.371349671794274,0.09603645275358544,0.1789650776130987
4,20,19.849953389331425,0.056081579215775584,0.2161749559717396
4,21,206.73725520069266,0.9994708444671759,0.3940984488355117
4,22,42.857572591696595,0.00451607141616747,0.3834565161001955
4,23,166.1348063483458,0.4969277082742807,0.43667194499087836
4,24,24.138643295751464,0.039445101806400436,0.28892221347583036
5,0,19.526718258427184,0.12688863164924535,0.07595519621224367
5,1,16.180339417363026,0.09137141042029095,0.11717020765471628
5,2,107.39684397257587,0.18422890575963313,0.4409848555261914
5,3,108.29871458669328,0.1771205883638918,0.4271117262097094
5,4,28.91403136048036,0.08716832608381346,0.1500397051891081
5,5,106.5008790050798,0.16900803408260567,0.457334109670747
5,6,19.870597788492375,0.08174686987895602,0.17489269752546271
5,7,20.653057428358906,0.09474984227599116,0.16218950391941322
5,8,24.673957998336313,0.04343077296929766,0.24203483133263795
5,9,27.620770600425093,0.12884499425797322,0.03449090307757561
5,10,26.426000214495435,0.04694954570434393,0.22471155642572266
5,11,28.567511434886885,0.04146881011333192,0.229983032635176
5,12,21.900969009347833,0.12453575457488818,0.05072907298683897
5,13,24.875838488857305,0.043855946836742515,0.2677853163096467
5,14,25.020961956106152,0.09409398662705255,0.12122477306650978
5,15,25.86943573488814,0.016707512656360786,0.3431708853579209
5,16,19.801241142558663,0.11669735647532929,0.09632516564314869
5,17,27.550777395433904,0.016404492306930203,0.3211669402553984
5,18,28.150593057076396,0.01578176676756405,0.341394096294548
5,19,19.58927847473176,0.101576194256234,0.1651157238564773
5,20,31.332991643344357,0.060854838254589885,0.20565287868067517
5,21,193.52493812348595,0.811576747444986,0.4093631791833167
5,22,31.318685564486763,0.0005824711044308591,0.39205931679385786
5,23,129.81795509495583,0.24692770827428068,0.45909593543223653
5,24,22.965506489876418,0.04439888668793449,0.27552837569597693
6,0,20.12108938908108,0.12339189095797738,0.0834263489740892
6,1,40.19674500461521,0.08288320231161769,0.1283111929248391
6,2,104.86143157260298,0.19050149052991974,0.4281727209858634
6,3,113.49059960415879,0.18272882674307747,0.4209040530903273
6,4,23.876133055809714,0.08567920805039843,0.16159050967740055
6,5,98.07930135430182,0.1770057967696141,0.44009822017511685
6,6,19.634682173186217,0.08567136777516841,0.17871756052444715
6,7,25.89093249955074,0.09272666217187558,0.16811826729811938
6,8,22.3869945556157,0.03699338195211321,0.2538014654352595
6,9,25.39695304718967,0.13196998911646726,0.028158077644462556
6,10,24.585872594320453,0.04676305778371845,0.234434254655095
6,11,28.271185207842645,0.0413255175650878,0.23391037500125092
6,12,23.081974559808422,0.13426159835615495,0.03581472257166164
6,13,22.612949892715154,0.03959318181372137,0.2700474658943267
6,14,19.59357190592523,0.09762741926288948,0.11321370482135636
6,15,30.991710244945402,0.015680388471935574,0.35699282960012346
6,16,22.177801073109244,0.12487442919826551,0.081497923915142
6,17,25.74621837725167,0.01121651385521082,0.3276136590540644
6,18,31.186198884278113,0.009406892738521749,0.34769932250603225
6,19,19.733645799490336,0.10600798745835285,0.15403624085118017
6,20,29.74262532583613,0.0629122699929421,0.1985206119411106
6,21,190.00713943770953,0.6246342318761379,0.43783338011607786
6,22,206.52343371325668,0.9975957387309273,0.39534987265892463
6,23,71.7343490169789,0.030800338983421494,0.47125895282842456
6,24,21.25082548154356,0.048361914593161734,0.2648133054720942
7,0,33.24079661510909,0.120594498404963,0.08940327118356563
7,1,26.56203302752543,0.07761798349214737,0.1338664164560689
7,2,100.10753636110492,0.19551955834614904,0.417923013353601
7,3,101.53786082507582,0.18852015833120228,0.4163559559939309
7,4,20.03642288632767,0.08448791362366641,0.1708311532680345
7,5,101.36945536517824,0.18340400691922082,0.4263095085786127
7,6,34.85299505281645,0.08881096609213833,0.1817774509236347
7,7,22.54265640164761,0.09001616918311987,0.17165082081781766
7,8,19.887542722211993,0.03377932606788989,0.26368745684764716
7,9,17.63763564474934,0.13513872240371874,0.024805470635680532
7,10,26.66137504344387,0.04661386744721806,0.24221241323859286
7,11,27.185265868807264,0.0427829945129536,0.2372393604442286
7,12,22.691988462293807,0.14204227338116834,0.023883242239519778
7,13,22.256943180769188,0.03811177844415319,0.27040190512411116
7,14,39.19084578111038,0.10045416537155903,0.10680485022523362
7,15,34.52758517483101,0.014858689124395405,0.3680503849938855
7,16,18.392774449203525,0.13133388082591146,0.07006948586245426
7,17,26.284313870850887,0.007066131093835312,0.33277103409299724
7,18,31.45202979196996,0.0063776455094280895,0.35466315684135197
7,19,28.05252192336759,0.10955342202004793,0.14517265444694247
7,20,29.571012003121364,0.06488763504927829,0.18576175169760645
7,21,169.57666630119343,0.4750802194210594,0.4606095408622868
7,22,202.32839875541208,0.9518712237437295,0.4120110086923541
7,23,219.98772229465288,0.8578984435507342,0.480989366745375
7,24,23.98745142540006,0.05153233691734353,0.25624124929298797
8,0,26.562596262027014,0.1224207204741859,0.08990470713875492
8,1,26.17213977490249,0.0734058084365711,0.13831059528105272
8,2,97.83147676617601,0.19953401259913248,0.4097232472477911
8,3,110.01612505472502,0.1950105128528378,0.413200628980235
8,4,21.352217700066575,0.08353487808228079,0.17822366814054166
8,5,111.35547389117835,0.1885225750389062,0.4152785393014094
8,6,26.00822696369176,0.09145302382365207,0.18050330925874633
8,7,21.43299422466548,0.08737628686673894,0.17438855501209313
8,8,20.630958389534328,0.031208081360511224,0.2715962499775573
8,9,21.648927410503934,0.13767370903351994,0.022123385028654914
8,10,17.021533600816056,0.046494515178017747,0.24843494010539116
8,11,25.474918456545677,0.044746717608759666,0.24185577990342
8,12,20.037506288492676,0.1478610180918187,0.014641029987026693
8,13,25.06249739360276,0.03665795691245532,0.269622919532784
8,14,36.378487114179094,0.10442026725522581,0.09564455784893758
8,15,35.68563339370218,0.011993301874381261,0.3719698681491312
8,16,28.655833922263536,0.13650144212802823,0.060926735420304065
8,17,25.557518592367373,0.003745824884734905,0.3368969341241435
8,18,30.527884772046548,0.003954247726153161,0.3602342243096077
8,19,14.38241990956238,0.10815816054898016,0.1350463384308579
8,20,21.33220946402309,0.06646792709434723,0.17555466350280313
8,21,148.99282767420317,0.33227831999234564,0.47387262583050094
8,22,210.7587083411377,0.9152916117539712,0.42533991751909767
8,23,206.04375258562882,0.73143551929442,0.4643470090809851
8,24,29.706771032293315,0.04841602951562384,0.2507677868211046
9,0,24.849516019709274,0.1238816981295642,0.09030585590290635
9,1,29.23337892209061,0.07769644450314699,0.14065442016721486
9,2,102.19027391124972,0.2027455760015192,0.4031634343631431
9,3,103.40682202646343,0.20020279647014622,0.4106763673692783
9,4,22.331045741529415,0.08277244964917228,0.18413768003854739
9,5,96.14213717459309,0.19425844480985296,0.40614690231543676
9,6,24.961782148840673,0.09112988691383023,0.178604168482196
9,7,18.162816700438444,0.0847937962466022,0.17665204244573654
9,8,22.938516802267795,0.029151085594608293,0.27792328448148546
9,9,32.350212147808804,0.14248085119839166,0.01902245633550665
9,10,22.42480427242795,0.0463990333626575,0.2534129615988298
9,11,19.81795130579506,0.046421169518817716,0.24593977325526953
9,12,36.2494313018843,0.152516013860339,0.007247260185032224
9,13,25.550180955759114,0.035179361644004634,0.2695826807190428
9,14,39.55905673963437,0.10910052408276048,0.08665854022071183
9,15,38.01087702282793,0.008536958540241153,0.3716161861943726
9,16,25.74205864643935,0.13703233788521227,0.06256691275173946
9,17,22.541692992844954,0.0010895799174545796,0.3401976541490605
9,18,29.376316194110554,0.002015529499533219,0.3646910782842123
9,19,19.324895654588417,0.10704195137212594,0.12694528561799023
9,20,28.32490493531873,0.06773216073040239,0.16738899294696047
9,21,129.6052468951249,0.2066195388819582,0.4678286633981701
9,22,204.67106604687805,0.8218184275421572,0.44496153730381127
9,23,191.42049352776309,0.6302651798893686,0.4510331229494731
9,24,27.17209173674933,0.045687754158811225,0.2456290895258916
10,0,23.479700008028956,0.12505048025386686,0.09062677491422749
10,1,25.21131661215717,0.08300124190266266,0.14182626887931576
10,2,94.256599704247,0.20233619183037188,0.39872990027922756
10,3,103.34312382799364,0.20334644606257163,0.4075103549791064
10,4,35.548215020763564,0.08216250690268549,0.18886888955695197
10,5,95.78614311043111,0.19884714062661038,0.39884159272665864
10,6,19.42539913631221,0.08851326071029576,0.176755327782855
10,7,28.513496052341143,0.08272780375049281,0.1784628323926513
10,8,21.987943267696867,0.02750548898188595,0.28298491208462795
10,9,22.830593648061164,0.146326564930289,0.01654171338098804
10,10,17.265480649550472,0.046331053324426726,0.2562342571353426
10,11,20.901993140512136,0.04776073104686416,0.24920696793674915
10,12,19.636674722151806,0.15511590053626498,0.002113425614960085
10,13,23.088619668475868,0.03359501809548335,0.2727869991974979
10,14,31.035869780655954,0.11492780155626617,0.08054186920849304
10,15,30.56195301301449,0.0035813990456728065,0.3697314732040156
10,16,21.911196147753405,0.1374570544909595,0.06387905461688778
10,17,196.5290182203918,0.9989645839436303,0.3428382301689941
10,18,26.08228983876589,0.0004645549182372649,0.368256561463896
10,19,17.67972161043492,0.10614898403064256,0.1204644433676961
10,20,22.06262457825083,0.07111449579389091,0.16334831481200004
10,21,90.57949122139645,0.10597659729112714,0.4619809418629442
10,22,195.41021676344073,0.6804143921386752,0.4625573737771827
10,23,179.0676257519903,0.5493289083653274,0.4403820140442636
10,24,20.15124572800533,0.043707203893086806,0.2415833805630267
11,0,24.68396614064974,0.12598550595330898,0.09088351012328441
11,1,12.874662433760088,0.08481643597985945,0.14415603123908927
11,2,103.57604194395957,0.20200868449345402,0.3951830730120951
11,3,107.5474448473641,0.2058027541169018,0.4034711282514576
11,4,17.259387080042895,0.08170675488949017,0.1926512358350195
11,5,100.38772660566389,0.2033705385021992,0.392971059037685
11,6,26.571568348287855,0.08641995974746819,0.1752762552233822
11,7,20.740691844147907,0.08112354590016449,0.1795856450247091
11,8,22.40460184105859,0.026189011691708074,0.2870342141671419
11,9,16.801946030694605,0.15164303106920324,0.011363166729219353
11,10,25.877587289529018,0.0462766692938421,0.25849129356455286
11,11,26.476797060708776,0.04874176924870983,0.25443994054379315
11,12,113.33192776541712,0.15719580987700574,0.49800635795890236
11,13,21.323209555942892,0.03085822687356866,0.2758085814631518
11,14,20.937975464802527,0.1221688416381021,0.07931389706163977
11,15,200.4024965916404,0.998885819976977,0.36794836756291804
11,16,22.838894921984558,0.13779682777555727,0.06492876810900644
11,17,200.23635020180643,0.9665759934012422,0.37918690555526297
11,18,200.07717428505484,0.9992237752532005,0.371108948007643
11,19,33.61161867624161,0.10543461015745585,0.11527976956746079
11,20,31.197831364422456,0.08017762246686287,0.1640054981457505
11,21,59.42341124376151,0.025462244018462296,0.4573027646347635
11,22,190.79303484385906,0.5660567439884467,0.47121073119548057
11,23,166.17619144305974,0.48457989114609457,0.43186112692009593
11,24,23.605666876236654,0.04212276368050727,0.23834681339273475
12,0,20.94221817971034,0.12521645738989354,0.08716056804524029
12,1,18.86819886537726,0.0862685912416169,0.14601984112690808
12,2,95.01354282164941,0.20206972547008964,0.3915902132475107
12,3,91.02901395576644,0.20657215002147114,0.3973307618901437
12,4,30.061419289140503,0.0813421532789339,0.19567711285747352
12,5,97.05609283432449,0.20698925680267022,0.38827463208650603
12,6,14.137676431195624,0.08441559354996439,0.17546991926708472
12,7,16.373485672322555,0.07984013961990183,0.18048389513035537
12,8,26.089584285930695,0.02528691440764838,0.28779975624521315
12,9,19.302266701891664,0.15589620398033463,0.007220329407804403
12,10,28.15701796772341,0.0462331620693744,0.26029692270792104
12,11,24.710627795475563,0.048889323742403984,0.2589514150358571
12,12,101.71108574063902,0.10818352719228964,0.48263463935683854
12,13,21.19307582134582,0.02866879389603691,0.2782258472756749
12,14,22.753902444348643,0.12796167370357084,0.07833151934415715
12,15,197.40305510795557,0.9951711897935358,0.3669302044228025
12,16,24.13029145183907,0.1354377785352144,0.06664194681409
12,17,208.01877266064275,0.9422438726288193,0.40823234135044295
12,18,198.5494348581733,0.998231151521171,0.37339085724264054
12,19,25.411496190338706,0.10570671334701028,0.10811439722667703
12,20,20.102582759745133,0.08795066923124778,0.16583776634896227
12,21,218.2457855030135,0.9610507614003304,0.4535602228522189
12,22,174.9712453684305,0.45445826067677475,0.4743457871825594
12,23,159.60706392247965,0.43278067737070824,0.4250444172207618
12,24,27.799202961394123,0.04085521151044364,0.2357575596565012
13,0,19.054468924991635,0.12460121853916119,0.084182214382805
13,1,25.048265426697544,0.08743031545102285,0.1475108890371631
13,2,100.79503949400622,0.20211855825139813,0.38871592543584316
13,3,98.3010912368955,0.20718766674512662,0.3924184688010926
13,4,25.771238608860006,0.08091597998091121,0.19434155217811813
13,5,83.36423498505013,0.2079600126881742,0.38469284692409167
13,6,18.996737453198698,0.08281210059196134,0.17562485050204674
13,7,23.104068252472928,0.07929585915097549,0.17938476723748256
13,8,25.055103498744884,0.025282586892948548,0.2851745333430889
13,9,21.655701462269924,0.15929874230923974,0.0039060595506724438
13,10,25.16642726438538,0.0467865873589383,0.26130946555495677
13,11,23.815615019253883,0.0490073673373593,0.26256059462950826
13,12,76.95794499457858,0.07167290581211547,0.45888195031586576
13,13,21.92069474908898,0.02691724751401151,0.2801596599256934
13,14,26.846566066792516,0.13176332226368623,0.07761071851508781
13,15,199.51325049641943,0.9921994856467828,0.3661156739107101
13,16,17.77526987870552,0.13149349223002682,0.06881450916371433
13,17,212.1767782180992,0.9370971584926702,0.4287719877981179
13,18,204.13778168338158,0.9963195595075187,0.3751929155367661
13,19,20.11686492467666,0.11017683439638866,0.09923778585712852
13,20,23.198592846082374,0.0936924851717042,0.16748920834849465
13,21,207.69762945575178,0.9025551461249524,0.4420540671021721
13,22,158.91640473774615,0.35743654708202416,0.46714097464592425
13,23,145.10184986555265,0.3913413063503992,0.4195910494612945
13,24,32.41715998717204,0.040905174417944216,0.23885982055780836
14,0,21.79670302557484,0.1241090274585753,0.08179953145285676
14,1,16.60632324263262,0.08847721468121085,0.14984392358648513
14,2,94.17719757215879,0.2029280096443992,0.3870337536365565
14,3,86.70328581690579,0.207680080124051,0.3884886343298517
14,4,19.51830492445192,0.0803084924200142,0.1881393523260078
14,5,94.73477876934172,0.20873661739657742,0.38182741879416016
14,6,24.43790719656224,0.0815293062255589,0.17574879549001635
14,7,15.313321433099109,0.07929631516108193,0.17772575166894491
14,8,24.240135509008468,0.025500796509372443,0.2819365705916592
14,9,21.20357740161632,0.1608747235275696,0.004116250124736141
14,10,21.74030399614602,0.0478982027366251,0.2622198336329271
14,11,23.1567792540765,0.04910180221332356,0.2654479383044292
14,12,65.93454873892132,0.042464408707976124,0.43987979908308755
14,13,26.668277645529397,0.025516010408391188,0.28170671004570824
14,14,23.73708697787759,0.13239415095536444,0.07763715158567372
14,15,194.82373309435806,0.9898221223293805,0.36546404950103617
14,16,22.790495627540547,0.12833806318587673,0.07055255904341379
14,17,213.8164255759332,0.9315624397169184,0.4480056202958879
14,18,203.5072369624793,0.9945075421750385,0.37461651376398897
14,19,19.223118075390058,0.11393037179195604,0.0883303107115287
14,20,18.4584961931574,0.09484977287574173,0.17173750573040328
14,21,206.09446446103524,0.8557586539046499,0.43284914250213463
14,22,147.0396518392891,0.2826509677313793,0.4535174057995655
14,23,130.84275507887867,0.35818980953415197,0.41522835525372065
14,24,27.23092399632885,0.042539843590438504,0.2417393275598745
15,0,34.58606231641876,0.1237152745941066,0.07989338510889818
15,1,20.53283116642774,0.08931473406536125,0.15171035122594273
15,2,99.51052172618141,0.20407208274339728,0.3859437443278375
15,3,99.22443510258574,0.20807401082719051,0.385344766752859
15,4,17.421367284513533,0.07946177850754567,0.18175417808657335
15,5,97.6567327694316,0.2076666612146958,0.37983262163417003
15,6,23.115065780811317,0.07966478381656784,0.17653559443823907
15,7,22.101710320588147,0.07929667996916709,0.1763985392141148
15,8,18.90897382560153,0.02567536420251156,0.27934620039051544
15,9,20.06588168664073,0.1621355085022335,0.004284402583987099
15,10,21.522607410358294,0.048787495038774546,0.2629481280953034
15,11,27.60952315450885,0.04899086967434663,0.267542496763368
15,12,52.069781503215175,0.01909761102466465,0.424678078096865
15,13,23.021302151673023,0.024393760427567263,0.2830048456794162
15,14,23.743075868707468,0.12996127719353,0.07928259609793999
15,15,194.09109464391906,0.9879202316754586,0.364942749973297
15,16,28.99551298144929,0.12581371995055668,0.07194299894717336
15,17,215.93946011495385,0.9069792385245822,0.4593950229472127
15,18,203.22391776346086,0.9926639675350305,0.37348915298757795
15,19,25.345268470027484,0.11693320170840994,0.07960433059504886
15,20,22.082053802123642,0.09577560303897176,0.17513614363593016
15,21,199.57883958220347,0.8183214601284079,0.42548520282210467
15,22,113.52770467309371,0.22338465103256164,0.430716019033185
15,23,133.00204087314447,0.33166861208115417,0.4117381998876616
15,24,19.8820405875289,0.04452006589240086,0.2478416570811727
16,0,17.515473719851293,0.12409340913515689,0.07821402077194395
16,1,18.53622628825205,0.08998474957268157,0.15320349333750882
16,2,91.7360955674948,0.20567729010813718,0.38491847556032377
16,3,86.55128068206281,0.20838915538970212,0.38282967269126483
16,4,23.507072070221014,0.07878440737757084,0.17664603869502576
16,5,91.22328497558478,0.2068106962691905,0.37823678390617793
16,6,17.21849486581604,0.0780867115742047,0.1771619993765727
16,7,23.8550421453745,0.0792969718156352,0.1753367692502507
16,8,23.92530434497188,0.02581501835702285,0.2772739042296004
16,9,21.97277080133762,0.1631441364819646,0.004418924551387865
16,10,24.80375176485967,0.0494989288804941,0.2635307636652044
16,11,25.508925916437846,0.04887765237669382,0.2681511284062323
16,12,42.95616577423095,0.00040417287801546714,0.4125167013078869
16,13,23.13967779016112,0.023973486124173063,0.28313197808780727
16,14,29.92922045698331,0.12801497818406246,0.080598951707753
16,15,199.54236962194358,0.9863987191523211,0.3645257103511057
16,16,22.250509963172373,0.12468452811301041,0.07585947042893756
16,17,218.04198446082313,0.8555276595749395,0.4679447084326867
16,18,202.28960232118516,0.99088841852495,0.372295426695132
16,19,25.076998532023808,0.11933546564157306,0.07262354650186498
16,20,21.48470636274101,0.09651626716955578,0.17785505396035167
16,21,198.5192414926186,0.7883717051074143,0.4195940510780807
16,22,89.69208182806972,0.17470542209883458,0.3947402112867569
16,23,126.11914822757672,0.3066726974398053,0.410238014584564
16,24,29.404422339965667,0.04610424373397075,0.25272352069821125
17,0,22.079283561342724,0.12439591676799712,0.07687052930238057
17,1,34.613254653710435,0.09052076197853783,0.15439800702676168
17,2,112.26242320154185,0.20713840606003514,0.38343701507777406
17,3,89.03015086245271,0.20864127103971142,0.3808175974419895
17,4,17.435699887545905,0.07801621508113175,0.17270533923150871
17,5,101.43470676185285,0.2062762246635508,0.37840752506435327
17,6,20.368265225112488,0.07682425378031418,0.1776631233272396
17,7,20.597629666506084,0.07927926268832912,0.17475958353713528
17,8,25.49428098533254,0.025540053254098857,0.27686061613825647
17,9,29.210961573150673,0.1639510388657495,0.004526542125308479
17,10,22.68337853928251,0.050068075953869744,0.2639968721211252
17,11,24.607010097677538,0.048894381564002665,0.2682724930125212
17,12,205.9065648889019,0.9854494223606961,0.4027875998767045
17,13,22.974484213886885,0.023637266681457703,0.28323368401452015
17,14,36.425275455657456,0.12624940608249155,0.0808663325257594
17,15,194.69276839337408,0.9851815091338111,0.3641920786533526
17,16,18.39756245723428,0.12370166905326244,0.07984843066948083
17,17,215.0144640767377,0.8055811945106536,0.47066028289087763
17,18,198.96789156633236,0.9884093699836134,0.3712177005081814
17,19,15.71034465644359,0.12143626444902005,0.06805547535818607
17,20,24.319966400495762,0.097108798474023,0.1800301822198889
17,21,188.49495997219154,0.7644119010906194,0.4148811296828615
17,22,73.88770058443303,0.13576203895185293,0.3659595650896144
17,23,109.91411814657508,0.24992592275923167,0.40095592988249196
17,24,21.921000539449697,0.04791723539269209,0.2588758564208345
18,0,20.50567613637048,0.12457349374493822,0.0763680388144756
18,1,23.291585939628934,0.09037755338842479,0.157570271144438
18,2,91.80007394564001,0.2087156234133815,0.3818992211991213
18,3,89.62153738662835,0.20884296355971885,0.37920793724256924
18,4,15.945406439852372,0.07740166124398049,0.16955277966069507
18,5,97.72579877379347,0.20671055252488024,0.37885607570253416
18,6,25.745689014957204,0.07581428754520177,0.17806402248777314
18,7,45.150886230038004,0.07894697461368545,0.17402982712881818
18,8,23.812834796196807,0.02508455910292334,0.2771473869732574
18,9,21.107543230488403,0.15628468007216348,0.005847396540439662
18,10,26.003067071424816,0.05052339361257026,0.26436975888586184
18,11,18.664014435068562,0.049244947485875164,0.2676183250865412
18,12,202.43726870100326,0.9745601480860248,0.3849348818374202
18,13,24.405541089298406,0.023368291127285414,0.2833150487558904
18,14,12.777095993348741,0.12433781020338094,0.08097916857290094
18,15,197.75480824612356,0.9842077411190031,0.3639251732951502
18,16,23.27102294314471,0.12291538180546406,0.08303959886191545
18,17,203.9226069460241,0.7539701557086482,0.45693050352777
18,18,198.51644463980728,0.9858690186746432,0.3677110527183616
18,19,21.433476654091283,0.12311690349497764,0.06440101844324293
18,20,21.55812803840949,0.0932147578955562,0.18119972275491672
18,21,188.57355300841496,0.7452440578771835,0.41111079256668615
18,22,60.49435608900716,0.10460733243426762,0.34293504813190046
18,23,98.94169231829194,0.20452850301477277,0.39353026212083436
18,24,23.24344382033049,0.04936762871966916,0.2637977249989331
19,0,20.49132802512344,0.12462137644801673,0.07622382640258493
19,1,23.517912760560495,0.08857188555103075,0.16242294966111845
19,2,96.13430192698198,0.20997937700204344,0.38049547751432394
19,3,97.67840382437389,0.2090043175757248,0.37792020908303303
19,4,26.743836904857435,0.07691001817425946,0.16703073200404417
19,5,92.01301524937718,0.20725049053640218,0.37921637936894154
19,6,22.185852014692475,0.07500631455711183,0.17838474181619995
19,7,21.91031004650281,0.07810188103548049,0.1735429338776825
19,8,25.51653875089273,0.024720163781982926,0.27737680364125816
19,9,20.955561859410754,0.15015159303729467,0.006904080072544609
19,10,27.51603368266582,0.05076527160531178,0.26445427300336616
19,11,24.05826985056426,0.049525400223373164,0.2670949907457572
19,12,193.6681780147772,0.9681999973116843,0.3675635419834454
19,13,25.748884584295276,0.0234133252955266,0.2810577849905364
19,14,23.448402799813355,0.12280853350009246,0.08106943741061418
19,15,199.08481274718673,0.9834287267071568,0.3637116490085882
19,16,17.75486236949333,0.12274769664150362,0.08486820972870783
19,17,190.153103086463,0.7117660196715747,0.4378938915654861
19,18,196.05458598046891,0.9832886246162288,0.3647520495639836
19,19,16.765826830246134,0.1246926627470286,0.06470122519095525
19,20,20.21530451218148,0.09009952543278274,0.18213535518293897
19,21,186.21894014946568,0.7299097833064347,0.40809452287374587
19,22,41.42867765953674,0.07968356722019937,0.3245154345657293
19,23,87.16370781179381,0.16988319916989714,0.3861186213313001
19,24,26.203580601356293,0.05052794338125082,0.26773521986141197
20,0,19.18244162791501,0.12465968261047954,0.07610845647307239
20,1,20.780869305791256,0.08712735128111551,0.16630509247446282
20,2,94.35170672763135,0.21037949799387784,0.37891204330506795
20,3,83.69067960264478,0.20900505796255697,0.3773904407781516
20,4,23.206601187271808,0.07652288807731673,0.16754722177521525
20,5,90.51263147624596,0.20768244094561975,0.37950462230206744
20,6,31.284327290977245,0.07531112541482493,0.17729794789074715
20,7,20.141671010433846,0.07742580617291653,0.17315341927677394
20,8,21.581728142853756,0.024428647525230593,0.27756033697565874
20,9,15.9509365964584,0.13892372979284073,0.011621782728026105
20,10,26.15888562796177,0.05059708436930165,0.26470153059873996
20,11,26.1243856262659,0.04974976241337156,0.26667632327313
20,12,193.3249342162679,0.9631118766922119,0.35366647010026553
20,13,25.001660045285405,0.02351126206175306,0.27895783393845336
20,14,22.805414854530984,0.12157989868607086,0.08124279477667168
20,15,196.06904487016322,0.9827602862754925,0.36360550787151086
20,16,30.018233822331812,0.12261354851033526,0.08633109842214173
20,17,191.1649495217645,0.6782729535678411,0.42124042618924284
20,18,197.11057958809673,0.9812243093694973,0.36238484704048124
20,19,18.328919015463576,0.12595327014866936,0.06494139058912511
20,20,20.14052670330773,0.08760733946256398,0.18288386112535676
20,21,189.44778926719104,0.7176423636498358,0.40568150711939366
20,22,25.859690920574895,0.05456964700747578,0.30370105407263553
20,23,83.47959491613567,0.14216695609399665,0.3801893086996727
20,24,27.954658244979218,0.05123046305052753,0.2708061884166405
21,0,12.509306052274086,0.12469032754044979,0.07601616052946236
21,1,24.48838998529053,0.08597172386518333,0.1694108067251383
21,2,102.10834042778819,0.20997038630599493,0.37778144971370176
21,3,99.49406685961851,0.2090056502720227,0.3769666261342464
21,4,18.674029527830513,0.07800878732399033,0.16780275891496493
21,5,97.07285702345777,0.20802800127299378,0.37973521664856813
21,6,11.739452785979765,0.07580498907078652,0.17576791716105283
21,7,32.84727789724819,0.07688494628286535,0.17284180759604711
21,8,22.62899211800471,0.024195434519828727,0.2777071636431792
21,9,16.139106817066843,0.12994143919727758,0.015395944852411303
21,10,20.02638557268446,0.050418825645909736,0.26510998626315463
21,11,24.241666137534125,0.04992925216537028,0.26634138929502826
21,12,193.2712963279863,0.959041380196634,0.34254881259372166
21,13,21.977566154007533,0.023652474138436633,0.27693425742866906
21,14,20.706669327185967,0.12059699083485358,0.08138148066951768
21,15,198.6266648219095,0.9822255339301611,0.36352059496184896
21,16,18.298250471980378,0.12247517804690904,0.08615596467018798
21,17,182.6412792794982,0.6559752045321772,0.4058439876582848
21,18,199.74655398763016,0.9799857165733411,0.36064456947504814
21,19,21.284677707709296,0.12696175606998197,0.06513352290766099
21,20,29.126880592227476,0.08561359068638898,0.18348266587929102
21,21,185.19410152993544,0.7078284279245566,0.4037510945159119
21,22,24.373999576442092,0.02322738228004393,0.2839600222402361
21,23,74.43516670591228,0.11999396163327626,0.3754458585943708
21,24,25.051095830264504,0.05133338132702593,0.2730336420563088
22,0,34.72739938836233,0.12471484348442598,0.07594232377457434
22,1,24.135241620091108,0.08438488702761013,0.171336961581505
22,2,88.13489735897728,0.20931238752292447,0.3767690321938622
22,3,93.81997080051237,0.2090061241195953,0.3766275744191223
22,4,19.000884988700783,0.0791975067213292,0.16800718862676467
22,5,92.57912472525321,0.20830444953489302,0.3799196921257687
22,6,31.047724068410364,0.0762000799955558,0.17454389257729738
22,7,28.933264163396778,0.07614900442488604,0.17350930746106014
22,8,24.297374827446134,0.023865473905454362,0.2775769336794082
22,9,17.690983362986287,0.12275560672082705,0.01841527455191946
22,10,25.20769770537809,0.0502762186671962,0.26543675079468637
22,11,22.278163423659933,0.0502526477922768,0.26564187374568304
22,12,189.42014669683644,0.9557849830001717,0.33365468658848657
22,13,25.7344240849129,0.023765443799783494,0.2753153962208416
22,14,21.128664322690728,0.12032443449086315,0.08203245505671873
22,15,194.61796754583736,0.981797732053896,0.36345266463411946
22,16,20.460623395145408,0.12236448167616805,0.08601585766862498
22,17,177.07706642372975,0.638137005303646,0.39352683683351836
22,18,199.83863337123182,0.9791370320755979,0.35933184354688646
22,19,15.045749127461402,0.12750344281095657,0.06672165391183726
22,20,21.97377632054146,0.08335026712195003,0.18243596553895974
22,21,183.43728712572135,0.6995813364591271,0.40226964236753776
22,22,174.0038603730436,0.9985026890659443,0.26667187392971614
22,23,68.0827064464174,0.10225556606469995,0.3716510985101293
22,24,25.212600648862928,0.05111736140328851,0.27220015492222843
23,0,23.223622216495702,0.1237542441274614,0.07679131053179543
23,1,18.065323402802708,0.08127343731645935,0.17284105434328023
23,2,96.22742686858147,0.2087859884964681,0.37595909817799056
23,3,91.32191681876108,0.20911190386737705,0.37639704489561404
23,4,23.11588953239665,0.0801484822392003,0.16817073239620448
23,5,91.69151286246854,0.20857537901495726,0.3800260805182191
23,6,26.900934791918804,0.0765040089566899,0.17339601159116866
23,7,20.786864123127895,0.07556025093850258,0.17404330735307055
23,8,24.489133898122454,0.023601505413954872,0.2774727497083914
23,9,17.764588792584643,0.11733939950105136,0.03894883154144386
23,10,22.807743250125416,0.05016075877217665,0.2657024833949124
23,11,27.274030898530974,0.050511364293802014,0.2650822613062069
23,12,186.40123834848785,0.9531798652430018,0.3265393857842985
23,13,24.169268209801594,0.0238806659728659,0.27449530904729963
23,14,20.152669712681153,0.12042223649925016,0.08326506235954727
23,15,194.34596964522757,0.9814554905528838,0.36339832037193587
23,16,17.0994683889935,0.12227592457957527,0.08590377206737458
23,17,167.4833391710521,0.6238664459208211,0.3836731161737052
23,18,196.55642340257384,0.9788079029180685,0.3593615253742722
23,19,21.381997808197983,0.12793679220373624,0.06799215871517827
23,20,19.14039141370297,0.08153960827039887,0.18159860526669472
23,21,184.92425401743455,0.6824326371031354,0.4004690138630547
23,22,164.2222101969276,0.9787229344946646,0.2528413552813002
23,23,52.74557715333811,0.08806484960983889,0.36861529044273605
23,24,27.278049147010183,0.050900471114828004,0.27077931718005954
24,0,30.69539168921276,0.12168232869110146,0.07968397299924282
24,1,22.911649258784493,0.07878427754753872,0.17404432855270044
24,2,91.6027739792499,0.20845185535767286,0.3753815609713476
24,3,91.00706392992484,0.20919652766560246,0.37621262127680744
24,4,41.347915248000994,0.08117604204214032,0.16959274581307293
24,5,95.73102752129115,0.20888676264896738,0.3798810561629875
24,6,17.08862636792974,0.07672609958490223,0.17257676275709075
24,7,16.116203941137044,0.07508924814939581,0.1744705072666789
24,8,25.218935320059007,0.02343716855698773,0.2770653287139812
24,9,20.84805042099939,0.11300643372523082,0.05537567713306338
24,10,23.241348609501678,0.05006839085616101,0.26591506947509325
24,11,21.871108863121602,0.050623310393776134,0.2646700170829064
24,12,181.5777488020561,0.951095771037266,0.32084714514094803
24,13,26.489520796512043,0.023972843711331827,0.27383923930846604
24,14,19.49623298677433,0.12099397242220021,0.08483921748048612
24,15,198.42492658975948,0.9811816973520742,0.36335484496218895
24,16,14.508136230773689,0.12220507890230105,0.08581410358637426
24,17,172.12776988945214,0.6124499984145612,0.37579013964585467
24,18,198.10401996873748,0.9787829361542507,0.3609654160304894
24,19,17.846631752709325,0.12828347171795998,0.0690085625578511
24,20,25.939057801726083,0.08009108118915793,0.1809287170488827
24,21,178.81740560452158,0.6458927991409786,0.39488742904130203
24,22,164.88544154383894,0.9628991308376409,0.24177694036256742
24,23,50.194757177205794,0.07671227644595005,0.36618664398882145
24,24,23.99128342395937,0.05052579282949497,0.2692128102178661
25,0,34.183209030071176,0.11977692785779359,0.0837964478358568
25,1,19.710434823188432,0.07599231435492886,0.17459318009461916
25,2,89.47473901850871,0.20836563158446558,0.37517714459664875
25,3,90.33206934369333,0.2092642267041828,0.3760650823817621
25,4,21.29195050428965,0.08141005654266488,0.17156781398301155
25,5,92.40469948543712,0.20919743945122934,0.37849412488181966
25,6,14.14303018456364,0.0769037720874721,0.1719213636898284
25,7,52.190406817660005,0.0747124459181104,0.17481226719756557
25,8,25.187635515019267,0.02330569907141402,0.27673939191845304
25,9,25.358349932349604,0.11534049857857247,0.0713684876308475
25,10,26.74044676208776,0.05017984044373178,0.26582467859057035
25,11,24.481611884959232,0.05071286727375543,0.26434022170426597
25,12,181.9761580312796,0.9494284956726772,0.3162933526262677
25,13,25.322031223252868,0.024024529178181736,0.274544852400062
25,14,19.533147325385457,0.1219222512863318,0.08642242424148996
25,15,198.79694190239377,0.9802062062783194,0.3628522883625185
25,16,20.288241039113107,0.12214840236048166,0.085742368801574
25,17,170.41167003191163,0.6033168404095532,0.3694837584235742
25,18,196.81320231578107,0.9787629627431964,0.36224852855546325
25,19,14.52190714236134,0.12856081532933897,0.06982168563198934
25,20,35.11313279826222,0.07843452426116891,0.17795666809742408
25,21,172.59836812784283,0.6075777352662866,0.38923939943192515
25,22,161.35277250468368,0.9502400879120219,0.2329254084275812
25,23,46.55881020709537,0.06763021791483897,0.3642437268256898
25,24,28.271993607536004,0.05016647453291953,0.26724166715199016
26,0,18.68940162971112,0.11889418617254266,0.08785035471799459
26,1,18.3942465509602,0.07375874380084096,0.17503226132815414
26,2,84.69699913015458,0.20829665256589977,0.37501361149688967
26,3,89.63135383798327,0.20924279845122898,0.3758891295479383
26,4,19.611893193051554,0.0809677237234467,0.17319257749344383
26,5,91.97950693870426,0.20946111484840574,0.3772031610726045
26,6,34.96861597402167,0.07704591008952798,0.17139704443601855
26,7,14.137338712948813,0.07461517002413247,0.1750836417860253
26,8,21.192911894208578,0.023200523482955048,0.2764786424820305
26,9,15.37469760859221,0.12093415969947742,0.08387775969578039
26,10,24.507772402349307,0.0502690001137884,0.26575236588295204
26,11,24.647279849880075,0.05078451277773887,0.26407638540135364
26,12,183.11270561485762,0.9480946753810062,0.31265031861452336
26,13,28.777074159433024,0.02382340099786365,0.2756031614282315
26,14,13.668740768284449,0.12266487437763707,0.08768898965029304
26,15,192.70270427195385,0.9790721813426417,0.3623936925796475
26,16,22.381196858549092,0.1220793490150854,0.08584019519624225
26,17,161.51310624317986,0.5960103140055469,0.3644386534457499
26,18,200.04659878267248,0.978746984014353,0.3632750185754423
26,19,21.247131132104034,0.12878269021844216,0.07047218409129995
26,20,20.443933234814864,0.07693655465345801,0.1753677546260475
26,21,164.80334721039463,0.5768119848075621,0.3835158236804658
26,22,162.19547791036658,0.9401128535715266,0.2258441828795922
26,23,41.23365606483755,0.060364571089950116,0.36268939309518444
26,24,21.04594627866087,0.04987990646618702,0.265640219733905
27,0,20.442062721458424,0.11925488202967217,0.0910535654758753
27,1,25.562786075412962,0.07221247239335009,0.17539893553755273
27,2,78.66360090434897,0.20824146935104712,0.3748827850170824
27,3,84.00028772650055,0.20893983711281108,0.3756783797131185
27,4,17.59815363922111,0.08061385746807215,0.17449238830178965
27,5,90.7541201530646,0.20964888944011073,0.3756503507198276
27,6,22.456956684864103,0.07738412144704819,0.17137655852543374
27,7,22.330665727236884,0.07453734930895012,0.1753007414567931
27,8,21.216169388215135,0.023116383012187873,0.2762700429328925
27,9,21.47817312690233,0.12540908859620137,0.09388517734772671
27,10,22.35522685995495,0.050247772792359355,0.2656878043433619
27,11,30.214111668943122,0.05063064940423051,0.26438233475544765
27,12,184.01701719516902,0.9470276191476694,0.3097358914051279
27,13,22.126704516050104,0.02344685742327886,0.2767311850254555
27,14,15.408016754891785,0.12325897285068128,0.0887022419773355
27,15,195.79402897796453,0.9781649613940996,0.3620268159533507
27,16,19.277407109688273,0.12208230089241683,0.08626593282720255
27,17,158.96166352669306,0.5901650928823419,0.3604025694634904
27,18,199.61939311468535,0.9787527566595651,0.36402295591400013
27,19,21.061399843047234,0.12756679255765105,0.07108123919308118
27,20,16.996181557945185,0.07564671414011359,0.17324470605344933
27,21,164.55501002262628,0.5565990961499239,0.3720265125125606
27,22,150.47734442334408,0.9320110660991304,0.22017920244120104
27,23,39.19764575223802,0.054552053630039024,0.3614459261107802
27,24,23.95500960450951,0.049650652012801014,0.26435906179943686
28,0,22.603286356901094,0.1202978217005303,0.09349363486634553
28,1,12.403784374742324,0.0711269787075556,0.17566757018329926
28,2,89.08225024712965,0.208197322779165,0.37477812383323655
28,3,96.36602115813693,0.20869746804207676,0.3755097798452627
28,4,21.602607269973987,0.07978571068001171,0.1753727521660075
28,5,101.91462222200622,0.20973620029184292,0.37441655998578804
28,6,38.24175244777466,0.07707638258827897,0.1718494632041408
28,7,31.49448327470086,0.07447509273680424,0.17547442119340736
28,8,22.85333574237339,0.023049070635574133,0.2761031632935821
28,9,20.785836289962308,0.12718951560300298,0.10183323835858879
28,10,21.84800030285947,0.05023079093521612,0.26563615511168986
28,11,22.353147024912992,0.050214808960715604,0.2646230619896974
28,12,183.41162717289848,0.946173974161,0.30740434963761154
28,13,24.231282098238985,0.02303789477356185,0.2774783641714173
28,14,21.62267276566143,0.12373425162911665,0.08951284383896947
28,15,196.65665913268163,0.9774391854352659,0.36173331465231323
28,16,23.899737400777067,0.12250666434676513,0.08732149359699838
28,17,154.20497170548288,0.5854889159837778,0.35717370227768286
28,18,195.05871270823738,0.9786852597584058,0.3643887892896528
28,19,22.56428965833673,0.12553447477848015,0.07549688874846915
28,20,16.055032682602732,0.07461484172943805,0.17154626719537078
28,21,152.83533323853763,0.5468772887800066,0.35960356478311306
28,22,161.24314057053365,0.9255296361212135,0.2156472180904881
28,23,44.712224782305604,0.049902039662110154,0.36045115252325677
28,24,22.40594701280507,0.049467248450092205,0.26333413545186235
29,0,29.428760383925205,0.12221981143408352,0.09542018177231293
29,1,24.620344247320666,0.07025858375892001,0.1758824778998965
29,2,92.14446328111596,0.2081620055216593,0.3746943948861599
29,3,89.29759748723667,0.20842230641810125,0.37534202786564946
29,4,14.18460001353699,0.07912319324956336,0.1760770432573818
29,5,93.78395275815474,0.20930208111819978,0.37344243642715735
29,6,18.100812800273474,0.07596815483687508,0.17219455073588072
29,7,22.489084919037317,0.07328729442295992,0.1756611119680989
29,8,25.676598750412282,0.02299522073428314,0.27596965958213376
29,9,27.492521228187712,0.12861385720844426,0.10819168716727845
29,10,25.14523346886498,0.05021720544950153,0.26559483572635223
29,11,22.22221162636855,0.0498843092957062,0.2649498497460101
29,12,178.40068995670873,0.9454910581716645,0.3055391162235985
29,13,23.846638953602938,0.022713582619794677,0.2777057974827288
29,14,21.086891721800868,0.12411447465186495,0.09016132532827664
29,15,198.00261519081826,0.9771741045091284,0.36182431355520756
29,16,15.635960738833878,0.12287770540249382,0.08861573727966751
29,17,161.75118289957172,0.5803359590563472,0.35478075138215037
29,18,199.67383527462985,0.9786312622374784,0.36468145599017493
29,19,19.88144480939527,0.12390862055514343,0.07902940839277951
29,20,17.92407039020902,0.07378934380089762,0.17018751610890795
29,21,141.93131112727934,0.5390998428840729,0.349665206599555
29,22,157.48583459236326,0.9203444921388799,0.21202163060991774
29,23,46.312649049085536,0.046182028487767056,0.35965533365323804
29,24,24.43233708417021,0.04949297984299524,0.2629019092580868
30,0,31.482577184204388,0.12382853592676867,0.09487218847458243
30,1,42.23562981883248,0.07018080539529711,0.17603220020556196
30,2,89.67739546946129,0.20818849479895968,0.3748460106801149
30,3,104.32876747771616,0.20820217711892086,0.37520782628195887
30,4,18.297817748458453,0.07859317930520468,0.17664047613048123
30,5,95.47391833912212,0.20890515129690562,0.37299141587093404
30,6,26.646657959016878,0.07466189529309646,0.17197074845405266
30,7,25.85469280544649,0.07233705577188447,0.1758104645878521
30,8,23.624650522263625,0.022942349134192536,0.27641831025252395
30,9,28.43619136678238,0.1297533304927973,0.11327844621423018
30,10,20.239026712331214,0.05014670342333839,0.2653547960630396
30,11,23.49528521725561,0.049619909563698675,0.26521127995106025
30,12,182.65540052593627,0.944944725380196,0.304046929492388
30,13,22.62237867405545,0.02245413289678094,0.27788774413177797
30,14,26.50842818847041,0.12399985447418536,0.09034468578414345
30,15,199.82250306014353,0.9769620397682186,0.361897112677523
30,16,21.442095688824235,0.12317453824707678,0.08965113222580282
30,17,156.05893207157038,0.5612038803420962,0.35098964622936635
30,18,193.89037411941388,0.9784456397797321,0.3638594408565417
30,19,22.053231542418214,0.12231769067239075,0.08533860352287688
30,20,14.335816753534536,0.07312894545806528,0.16910051523973768
30,21,140.9555277624109,0.5328778861673258,0.3417145200527086
30,22,149.62669170076336,0.916196376953013,0.20912116062546146
30,23,42.90732512493171,0.043206019548292576,0.3590186785572231
30,24,22.71971923071979,0.049535013591031886,0.2627144755576489
31,0,25.797967063508807,0.12512970090322054,0.09300978430394836
31,1,35.9963266744899,0.07085749167272042,0.17614761665275586
31,2,92.89582729306481,0.20820968622079997,0.37496730331527894
31,3,91.90578666584209,0.20802274593721276,0.37500066068393967
31,4,17.249659175625908,0.07816916814971774,0.17709122242896078
31,5,93.34069294580641,0.20858531808364025,0.3732455127287247
31,6,17.0347123951894,0.07331228176924266,0.1710134127490314
31,7,19.175942097380833,0.0715768648510241,0.17592994668365466
31,8,29.005476748115164,0.022794350860119855,0.2770897906942254
31,9,18.859005177094698,0.13066490912027973,0.11734785345179156
31,10,20.90888803574928,0.05009030180240789,0.2651627643323895
31,11,28.98285342209213,0.0495307489759171,0.2654443553473085
31,12,178.96674395722573,0.9445076591470213,0.30285318010741963
31,13,24.59073913678124,0.022246573118369948,0.27803330145101735
31,14,52.67089182330572,0.12373769030668438,0.09040594046637904
31,15,193.87651787220912,0.9773509621993582,0.362553481773455
31,16,18.30585604317828,0.12341200452274313,0.09047944818271106
31,17,141.32613643238128,0.5417859507801422,0.3465653221553439
31,18,191.55964960519904,0.978297141813535,0.36320182874963514
31,19,28.010634024254855,0.12127357723226834,0.0915355324761658
31,20,27.396465846585677,0.0726006267837994,0.16823091454440148
31,21,140.03767548876704,0.5279003207939281,0.33535397081523144
31,22,150.54167677439588,0.9128778848043195,0.20680078463789645
31,23,36.646649865313144,0.033470566576924904,0.3443539152030825
31,24,21.98782533697728,0.0495686405894612,0.2625645285972985
32,0,20.237678743400355,0.12617063288438204,0.09151986096744111
32,1,26.361543631007635,0.07162419146567145,0.1762045827800861
32,2,100.41270663454557,0.20817462069786688,0.375076113717364
32,3,93.35290919825077,0.20787920099184629,0.37483492820552433
32,4,34.79390716228008,0.07782995922532818,0.1774518194677444
32,5,93.31601112833674,0.20817945128549442,0.3740579983193524
32,6,13.56499069474388,0.07223259095015962,0.17024754418501437
32,7,30.991784624503648,0.07096871211433581,0.17602553236029672
32,8,22.96218271317266,0.022667859028414724,0.27779052428310747
32,9,27.44978598113567,0.13139417202226567,0.12060337924184067
32,10,27.02840407524743,0.05004518050566348,0.2650091389478694
32,11,23.2062267519975,0.04954499888036023,0.26555452473156654
32,12,181.1238135598067,0.9441580061604815,0.30189818059944495
32,13,22.44059105742587,0.022080525295641154,0.27814974730640885
32,14,20.761086664324313,0.12345557748769637,0.09045872150585371
32,15,198.78726062958535,0.9777984091305767,0.363211283157104
32,16,20.775044399162482,0.12360197754327622,0.09114210094823766
32,17,146.0634884663107,0.5240422500217853,0.3408784925194312
32,18,197.72657785283175,0.9781783434405773,0.3626757390641099
32,19,17.487654628904234,0.12061200257175757,0.09607847738911361
32,20,26.22246852881601,0.07224175780580193,0.16827977389259038
32,21,135.07097792374722,0.5239182684952101,0.3302655314252497
32,22,149.0044659214858,0.9102230910853647,0.20494448384784442
32,23,25.21551209743139,0.023303730681412282,0.32563489666164674
32,24,28.124681234441624,0.04969583422625688,0.2633406972080093
33,0,25.34909146137149,0.12700337846931123,0.0903279222982353
33,1,19.234764761990867,0.07223755130003227,0.17625015568195032
33,2,92.02690527031517,0.20809399893295977,0.37508520942137874
33,3,84.98698616788737,0.2077643650355531,0.3747023422227921
33,4,19.396497463153757,0.07686020104345419,0.17751864347071142
33,5,93.03932280644693,0.20785475784697777,0.3747079867918545
33,6,26.330838953192618,0.07136883829489318,0.16963484933380074
33,7,21.76217499987406,0.0704935520610279,0.1761729696830081
33,8,21.88067957067829,0.022534283161902174,0.2784282037884788
33,9,20.86479354107223,0.130458854698105,0.12244534426065182
33,10,25.432372441270154,0.049931599633730894,0.26494186048301255
33,11,25.091015178569236,0.049556398803914735,0.265642660238973
33,12,180.40871057263826,0.9438782837712497,0.3011341809930652
33,13,21.20639280994326,0.02194768703745812,0.27824290399072205
33,14,22.44156351353802,0.12322988723250596,0.09050094633743344
33,15,198.05016765496802,0.9782966914843221,0.36355059241030985
33,16,22.092115696911176,0.12369760060692274,0.0914515866380827
33,17,134.0597769840401,0.5098011352420596,0.3360002361838776
33,18,196.7885483735345,0.9780833047422112,0.3622548673156897
33,19,19.448548505908207,0.12008274284334895,0.09971283331947185
33,20,23.932832397151603,0.07195350476233993,0.1688384422728129
33,21,145.47853025842844,0.5207326266562355,0.32619477991326434
33,22,153.52011527106342,0.9080992561102009,0.2034594432158028
33,23,22.123094852529427,0.014696473463519441,0.30002566458619245
33,24,21.41034161983723,0.04982440854378409,0.2646096973414912
34,0,17.709055690746602,0.126250407351489,0.08939347743933046
34,1,22.585155020638872,0.07272823916752093,0.1762866140034417
34,2,98.6914297351963,0.20802950152103408,0.3750924859845905
34,3,92.14731661290114,0.20767249627051854,0.3745962734366063
34,4,33.58633730152798,0.0742405050886803,0.17736441122788854
34,5,97.72680192855135,0.2075891689739038,0.3752273634238972
34,6,43.9981793371768,0.07089876589667517,0.16885696257232033
34,7,27.152586054862052,0.07039481345115617,0.1763179748218172
34,8,23.62345060893852,0.022426491816721843,0.27890229573182007
34,9,22.89889175509208,0.1276147050327489,0.11877817873833152
34,10,24.68361489391233,0.049816746225562154,0.26483253661689987
34,11,24.090196902151295,0.04956551874275834,0.26571316864489813
34,12,179.85425077175825,0.9436545058598642,0.3005229813079614
34,13,24.131875332764647,0.021841416430911694,0.2783174293381726
34,14,20.948606689416653,0.12305162424982032,0.09084078377262654
34,15,200.5456461249915,0.978655862582646,0.36338505965211687
34,16,23.31438510277788,0.12377409905783995,0.09169917518995872
34,17,133.79732508763038,0.49840824341827905,0.33209763111543467
34,18,199.75734516388903,0.9780072737835183,0.3619181699169535
34,19,18.759767057369185,0.11965933506062207,0.10262031806375845
34,20,22.19378215706947,0.07172290232757032,0.1692853769769909
34,21,134.45921498481658,0.5166197142122039,0.3238278556000816
34,22,148.11948540416392,0.9064001881300698,0.20227141071016952
34,23,22.752289003209626,0.010102934226414007,0.27645108223740655
34,24,24.603753461020922,0.04992726799780585,0.2656248974482767
35,0,21.950966447842585,0.12564803045723122,0.08864592155220659
35,1,21.8627356851068,0.07312078946151185,0.1763157806606348
35,2,88.62740692757943,0.20784220612498083,0.3751236775026176
35,3,101.28571261363126,0.2075990012584909,0.3745114184076576
35,4,17.40782822668011,0.07184613114590611,0.17718000265701137
35,5,92.56178965139652,0.20737669787544463,0.3756428647295313
35,6,42.37073142778204,0.07077575362506972,0.1683995472106682
35,7,18.845183363009582,0.07045235071961134,0.1764287697279875
35,8,20.497439820401343,0.022340258740577577,0.27928156928649306
35,9,19.901162714022085,0.1251183860567727,0.11023080822018008
35,10,20.833375698023293,0.04972905527207477,0.2649311004887116
35,11,29.588351831121088,0.04957281469383322,0.26576957536963824
35,12,182.7181208867489,0.9434754835307558,0.30003402155987835
35,13,22.092518972517965,0.021889515613206303,0.27843069134484716
35,14,20.799476563248984,0.1229090138636718,0.09111265372078102
35,15,195.38410479645728,0.9788628965821375,0.36295220271805767
35,16,20.82730224064232,0.12355139728354234,0.09158992867112381
35,17,139.77901097347973,0.4892939299592546,0.32897554706068033
35,18,200.2858210700851,0.9779464490165639,0.3616488119979646
35,19,21.64776233078895,0.11932060883444055,0.10494630585918772
35,20,23.374216132668497,0.07153842037975464,0.1696429247403333
35,21,133.96092734292495,0.5132171502203635,0.3245249276589023
35,22,148.2233072284608,0.905040933745965,0.2013209847056629
35,23,30.672418172524182,0.006428102836729659,0.25759141635837784
35,24,18.377463737501895,0.04995892032241381,0.26644828244776375
36,0,29.664809021618627,0.12459084153601183,0.08813784965289384
36,1,21.149561884508913,0.07293653208112548,0.17650440930259756
36,2,100.92574879643331,0.20769236980813824,0.3751486307170393
36,3,89.89121062270021,0.20756954538857902,0.3745929119965939
36,4,15.518135830411316,0.06993063199168677,0.17703247580030962
36,5,90.04119474848997,0.20731610929894406,0.37577570322786824
36,6,45.91588167858101,0.07075469470368895,0.1683870465312236
36,7,37.61908442252748,0.07090973124416441,0.17656729892385023
36,8,23.982824342319926,0.022271272279662163,0.27958498813023147
36,9,26.173725932554632,0.12312133087599174,0.10339291180565893
36,10,23.15654476750657,0.049658902509284855,0.265009951586161
36,11,19.32997450115099,0.049600510516100545,0.2659284197254049
36,12,174.06709388756573,0.9433322656674691,0.2996428537614119
36,13,25.772879889404063,0.021999939378003902,0.27867010923877605
36,14,21.595930432536367,0.12279492555475299,0.09133014967930461
36,15,194.11495740979478,0.9790285237817307,0.3626059171708103
36,16,22.73267549435621,0.12325615762369092,0.09135837697739244
36,17,135.02967205863004,0.4859841409873896,0.3264602682913676
36,18,192.54355201642255,0.9779684612224401,0.3618897535917076
36,19,23.353674542023864,0.12015382943918017,0.10876037393795986
36,20,36.639035803191796,0.07139083482150209,0.1699289629510072
36,21,137.53009645409054,0.5104950990268913,0.32508258530595885
36,22,143.25993121025436,0.9039535302386811,0.20056064390205758
36,23,31.746961666029534,0.004322093376742981,0.24419685215634493
36,24,20.244161272947622,0.04998424218210017,0.26710699044735337
37,0,16.699425507890904,0.12333388095283482,0.0881983592238561
37,1,36.30459752953882,0.07278912617681638,0.17665531221616776
37,2,97.04274651321968,0.2075569274361703,0.37514294197624626
37,3,108.08563149343543,0.2075459806926495,0.37465810686774287
37,4,26.001751400365492,0.0683982326683113,0.17691445431494823
37,5,97.22907875290642,0.2072676384377436,0.37588197402653784
37,6,15.739412712116328,0.07089602953403736,0.1684489547475491
37,7,22.080395170701934,0.07090367818038842,0.1768617962518324
37,8,25.106344937074926,0.022216083110929832,0.2798277232052222
37,9,22.363226321755203,0.12075385296065132,0.09797500789118781
37,10,25.927296036845938,0.04959526323925944,0.26510892422588767
37,11,27.878716942461438,0.049622667173914406,0.2660554952100182
37,12,178.44980695019137,0.9432176913768398,0.29932991952263877
37,13,23.364204266227908,0.022157416036425293,0.27922737808127684
37,14,24.638891101056018,0.12270365490761795,0.09150414644612348
37,15,196.43836664996786,0.9787764790372016,0.36224690305867574
37,16,10.699140172357694,0.12300325352873617,0.09116542605153802
37,17,131.1303424158056,0.4833363098098976,0.3244480452759174
37,18,197.14188859189522,0.9779860709871411,0.362082506866702
37,19,23.350639743281132,0.12082040592297186,0.11181162840097757
37,20,17.474671978618858,0.07127276637490006,0.17015779351954635
37,21,143.1279869448746,0.49859195489399666,0.32598997502556637
37,22,149.61050392022588,0.903083607432854,0.19995237125917334
37,23,34.86231998992063,0.003952413600014148,0.2386160912791313
37,24,22.994361735378376,0.04986439275616699,0.26716863514812805
38,0,19.975634608669232,0.12220054645220399,0.08923230129491337
38,1,18.929622026022084,0.07261774259419508,0.17680179952132488
38,2,90.90725007618734,0.20744857353859594,0.3751383909836118
38,3,89.89903572786392,0.20752748267402693,0.3748129740676692
38,4,26.729271441249473,0.06733664485907385,0.1768067666589311
38,5,95.80332682082174,0.2073377139198171,0.3757120356757018
38,6,32.461870393971196,0.07100909739831608,0.1684984813206095
38,7,28.653291310282437,0.07089883572936764,0.17709739411421813
38,8,27.803055268638538,0.022153982358077723,0.2799033702501024
38,9,20.709361752500218,0.11885987062837898,0.0936406847596109
38,10,27.606701976334417,0.04954435182323911,0.26518810233766904
38,11,20.291394813788397,0.04963736365677752,0.2660391950389407
38,12,179.46450236920393,0.9431260319443363,0.29907957213162023
38,13,22.296058868639946,0.022283397363162406,0.2796731931552775
38,14,16.91397760862241,0.12264055426347983,0.09161301624781368
38,15,196.2644036247026,0.9785748432415783,0.3619596917689681
38,16,18.034861601525375,0.12280093025277238,0.09101106531085448
38,17,129.57839754399456,0.48121804486790404,0.32283826686355727
38,18,197.07846497451342,0.9783151131441292,0.3622593126614413
38,19,24.222385757981304,0.12133096693929664,0.11032033495272038
38,20,13.64540622446568,0.07115616579581749,0.16980337369610174
38,21,131.99332046084984,0.4860631114530225,0.3267139400580026
38,22,150.23170440098508,0.9023876691881924,0.19946575314486595
38,23,35.52938618723867,0.021814332728909043,0.23658814803734224
38,24,22.621277771670318,0.049768513215420446,0.2672179509087478
39,0,19.391617092627584,0.12153281931511532,0.09055579285730044
39,1,25.56609025781259,0.07248063572809804,0.17691898936545059
39,2,92.29646495188923,0.20736861046831712,0.37506382539982225
39,3,93.71671983498963,0.20751268425912886,0.3749368678276103
39,4,16.52505884826375,0.0664873746116839,0.17672061653411741
39,5,90.69290499623351,0.20743357262479648,0.37544544861188783
39,6,31.326710335512782,0.07114125205591354,0.1689143687270983
39,7,36.81937267256268,0.07142374098577142,0.17720587751853276
39,8,22.379664252700337,0.022109235394299945,0.2799348349074003
39,9,14.848224516223574,0.11827979483474022,0.08995962638248912
39,10,23.904116832611304,0.04951980286909482,0.26543151195572046
39,11,24.47269942699625,0.049649120843068,0.2660261549020787
39,12,178.8595309469069,0.9430527043983336,0.29887929421880544
39,13,19.11204324481487,0.022384182424552097,0.280029845214478
39,14,18.395148160671898,0.12259007374816934,0.09170011208916584
39,15,195.1013535102149,0.9784135346050796,0.36172992273720195
39,16,30.141030563257175,0.12259897575562514,0.09109912183459919
39,17,119.64138255078925,0.47952343291430916,0.3215504441336691
39,18,196.56361564296253,0.9786237444527184,0.3623342619643503
39,19,21.93919393247765,0.12088898889201795,0.10778348562274881
39,20,24.565590952450524,0.07106288533255144,0.16951983783734606
39,21,126.04595654412581,0.4758845733809358,0.3265334929445916
39,22,140.81422562452124,0.901830918592463,0.19907645865342002
39,23,29.495618449174874,0.0364245115141768,0.24323150475717212
39,24,23.13857559709211,0.049686592727636286,0.2672016036327929
40,0,21.285785908976308,0.1209986376054444,0.09161458610721009
40,1,18.00381588849851,0.0723709502352204,0.17701274124075114
40,2,91.71443635006068,0.20730464001209406,0.3750041729327906
40,3,106.71490006655138,0.20747049260667597,0.3750393456375905
40,4,15.889521395106014,0.06580795841377193,0.17665169643426645
40,5,94.30978282827503,0.20751025958877997,0.3752321789608366
40,6,17.902951694099013,0.07124341336940934,0.1693455846729163
40,7,25.683373107933317,0.07196412809229683,0.1771860117110518
40,8,24.295477669841485,0.022167531413100468,0.2799827037961783
40,9,28.575194725682163,0.1178157341998292,0.0870147796807917
40,10,24.580963927960738,0.049500163705779386,0.2656262396501616
40,11,27.51621827806181,0.049628227138041686,0.26582011023435786
40,12,178.28036230731774,0.9429940423615313,0.29871907188855357
40,13,19.84853094157995,0.02246481047366385,0.2803151668618384
40,14,24.68033868448672,0.12254968933592095,0.09176978876224758
40,15,194.44722471847325,0.9782844876958807,0.36154610751178906
40,16,15.297223505230564,0.12243683473960817,0.09130490144071604
40,17,134.33875649514368,0.47816774335143325,0.3205201859497586
40,18,196.57484560478062,0.9788500232811294,0.36222739883871297
40,19,21.244625078511273,0.12091665885607451,0.10519298069150299
40,20,18.3525871582548,0.0709882609619386,0.1692930091503415
40,21,125.29213568565439,0.4684742807205773,0.32594145897064136
40,22,147.53035593363794,0.9013855181158795,0.19876502306026328
40,23,30.722612666316827,0.050743945382312514,0.25461816855097724
40,24,22.04326356000662,0.04962105633740896,0.267188525812029
41,0,15.305241837591689,0.12084996821904755,0.092445349531431
41,1,26.15028036783425,0.0722832018409183,0.1770877427409916
41,2,95.10003532492435,0.2072534636471156,0.3749564509591653
41,3,95.95676800966334,0.2073969962636188,0.37511078369548106
41,4,12.805968360359444,0.06526442545544237,0.17659656035438567
41,5,87.21490394169325,0.20757160915996678,0.3750615632399956
41,6,20.058963443515267,0.07132514242020599,0.16969055742957068
41,7,31.12775080421252,0.07250574522849872,0.1771317801323661
41,8,23.93485980543845,0.022288501191804262,0.28004173849803443
41,9,22.12465373152825,0.1183965257449239,0.0859809045416852
41,10,22.465540343247902,0.04948445237512704,0.2657820218057145
41,11,23.857790304698867,0.04959927130788223,0.26560762274174876
41,12,178.62815300558447,0.9429471127320895,0.29859089402435207
41,13,21.408333554429337,0.02252931291295325,0.2805434241797267
41,14,24.946640659333358,0.12247770259986325,0.09174672109878508
41,15,195.7832702783025,0.9781812501685215,0.3613990553314587
41,16,21.16273234045212,0.1223071219267946,0.09146952512560953
41,17,132.903138545088,0.4736786956298941,0.3203231677797017
41,18,198.1133341851592,0.9789613096465778,0.36203507812628427
41,19,20.095691230143128,0.12093879482731977,0.10312057674650633
41,20,32.30822248167591,0.0709900906146508,0.16912901520603213
41,21,124.6339443206938,0.4625460465922905,0.3254678317914812
41,22,148.4204948503666,0.9010291977346128,0.19851587458573788
41,23,26.833664446540872,0.061828287405633266,0.26476331832630673
41,24,24.015521694785082,0.0495686272252271,0.2671780635554179
42,0,25.267843361656347,0.12073103270993008,0.09310996027080774
42,1,20.62030535237014,0.07221300312547661,0.17714774394118396
42,2,89.11276071740507,0.20721252255513287,0.37491827338026507
42,3,96.34582411938854,0.20736766772121012,0.37515907107384044
42,4,25.431995395638204,0.06482959908877871,0.17655245149048104
42,5,90.93610054120543,0.20762068881691623,0.37492507066332287
42,6,20.217276763418976,0.07139052566084331,0.1699665356348942
42,7,27.18150693743345,0.07286803159913773,0.17707882284182216
42,8,22.445646955355443,0.0224220572426297,0.28026574553692996
42,9,32.71361480870817,0.11969125427625968,0.0864567669857001
42,10,24.059018638660344,0.04947188331060516,0.2659066475301568
42,11,25.955878045331847,0.04957080000769005,0.26544176339092457
42,12,177.22543602659832,0.9429095690285361,0.2984883517329909
42,13,24.20783572107325,0.022580914864384773,0.2807260300340374
42,14,20.11280443024606,0.12235800349210155,0.09170486041712678
42,15,197.23523722745756,0.9780986601466343,0.36128141358719446
42,16,16.30194842085899,0.12220335167654374,0.09160122407352432
42,17,134.52005382258847,0.46856697736727415,0.32046839463196714
42,18,190.10651813720497,0.9788008868948935,0.36185123983725986
42,19,20.573687805820768,0.12092761860183789,0.10142305792995741
42,20,12.762966731439562,0.07101322522225967,0.1690003676420784
42,21,119.36007702807913,0.45780345928966104,0.32508893004815304
42,22,144.78874600355152,0.9007441414295994,0.19831655580611757
42,23,26.122824777112793,0.06939961608902107,0.27301730383256334
42,24,21.850545946177704,0.04950451238073976,0.26661485583061967
43,0,27.318690500496956,0.12116756915957057,0.0932041971254124
43,1,24.618697951195905,0.07215684415312326,0.17719574490133785
43,2,88.19398515283052,0.20717976968154667,0.37488773131714487
43,3,96.0576846088127,0.20729622322132266,0.3751119886765013
43,4,24.976330292731273,0.06651264694011425,0.176642911168033
43,5,93.8129622731958,0.2076459602713455,0.3748151729166464
43,6,32.75472240635316,0.07139381994090886,0.17014909965476283
43,7,35.0226575570206,0.07290222021829229,0.17705328353930713
43,8,23.511749760520775,0.02252890208329005,0.28044495116804635
43,9,17.878445326673504,0.12082818582754072,0.08714866430237664
43,10,20.470255471342504,0.04946182805898766,0.26600634810971063
43,11,34.02377961676618,0.04952728496053519,0.2654458410520523
43,12,177.45997348215514,0.9428795340656934,0.2984063178999019
43,13,23.051764221579475,0.02261127756290618,0.28073867468591607
43,14,29.805640476927078,0.12223891320832794,0.09166150200167514
43,15,194.92770190822407,0.9781719782427164,0.36136319913870496
43,16,18.293041458045845,0.12212033547634306,0.09170658323185615
43,17,126.39061538787792,0.46114521898860594,0.3221893911297815
43,18,195.9590583387739,0.9786725486935461,0.36170416920604037
43,19,20.288593611550873,0.12091867762145238,0.10006504287671827
43,20,16.52638218279915,0.07103173290834676,0.1688974495909154
43,21,129.2425128502114,0.4540093894475575,0.32478580865349055
43,22,147.64580501870338,0.9005160963855886,0.19815710078242132
43,23,31.275487295026615,0.07050934084788725,0.2783806378322291
43,24,26.914699978172255,0.04945322050514989,0.2661642896507811
44,0,29.892735923280128,0.12181487363447112,0.0932457965106118
44,1,18.370410153087306,0.07211191697524058,0.17723414566946097
44,2,95.56146944676733,0.2071535673826777,0.3748632976666487
44,3,89.73114373567765,0.20720199569287068,0.3750592205050273
44,4,38.410114389845816,0.06903719589100275,0.17687832784545898
44,5,89.35196801344021,0.2076050593105764,0.3747312390613847
44,6,17.417587035294464,0.07136191808746291,0.16980530995643767
44,7,29.00753273663247,0.0726463681797291,0.17703800334092692
44,8,22.491789635057465,0.022636710248574228,0.28063462877914896
44,9,28.04960552352535,0.12173773106856556,0.08770218215571787
44,10,22.742408404321676,0.04945378385769366,0.26608610857335374
44,11,25.279974516033768,0.04949214740083392,0.265453298513656
44,12,177.10043048466852,0.9428555060954191,0.29834069083343073
44,13,21.43613356074285,0.022635567721723305,0.280748790407419
44,14,24.22658595123431,0.12213016198200405,0.09164044949051461
44,15,196.88833427680754,0.9782306327195821,0.3614286275799134
44,16,30.03828095391764,0.12205392251618251,0.09179087055852161
44,17,126.22905211675578,0.4552078122856714,0.323566188328033
44,18,195.08099891745408,0.9784426440599135,0.36148205511858156
44,19,16.29919599077897,0.12091152483714397,0.09897863083412697
44,20,41.07733345584285,0.07104653905721643,0.168815115149985
44,21,116.29372063788134,0.4536229377897735,0.3235398215984436
44,22,149.8161729693716,0.90033366035038,0.19802953676346433
44,23,33.69006799284608,0.06871128619238205,0.28212319653624796
44,24,25.7042343658159,0.04941447929247472,0.26575631734278987
45,0,20.035533948303925,0.12233271721439155,0.0932790760187713
45,1,19.869400385411158,0.07207597523293444,0.17726486628395946
45,2,88.94965665824373,0.207139440590185,0.3749219846086434
45,3,89.10785269618556,0.2071266136701091,0.37501700596784815
45,4,25.910196590963036,0.07188394316198589,0.17706716974932477
45,5,93.2270111123614,0.20757233854196114,0.3746640919771754
45,6,21.78942808058018,0.07133639660470614,0.16953027819777755
45,7,30.83698354351847,0.07227720573861045,0.17706837102874484
45,8,16.951183085613284,0.0227226927213985,0.2808119447173916
45,9,17.263815359481505,0.12254295858283065,0.08904433404271093
45,10,21.686824591489444,0.04944734849665846,0.2661499169442682
45,11,20.062259684218628,0.04946403735307291,0.26545926448293894
45,12,177.34743449346186,0.9428362837191998,0.2982881891802538
45,13,20.828218291131023,0.022654999848777006,0.28075688298462137
45,14,22.50673492441818,0.12204316100094494,0.0916236074815862
45,15,199.50134442095748,0.9782809414687224,0.3614849099464635
45,16,24.476699448688326,0.12202785875348986,0.09183871142841583
45,17,130.5075320360442,0.4499628912495713,0.3246650692533969
45,18,198.48729788274315,0.9782587203530074,0.36130436384861453
45,19,18.96158169056027,0.12090580260969724,0.09810950120005393
45,20,21.220833269273733,0.07116030127352829,0.16908966016915167
45,21,119.4612250153877,0.45331377646354626,0.32254303195440603
45,22,152.26658212216464,0.9001877115222131,0.19792748554829873
45,23,25.752822594479813,0.06436176443421375,0.2803645863151476
45,24,23.20057150527736,0.049388511064788365,0.2653951050879116
46,0,22.911576095271624,0.12274699207832791,0.09330569962529892
46,1,33.541655291631606,0.07204722183908953,0.17728944277555825
46,2,97.62315975237172,0.20712813915619083,0.37496893416223914
46,3,90.54440750630286,0.20706805989554627,0.3749601124898891
46,4,40.48656876288338,0.0741613409787724,0.1772182432724174
46,5,102.57555068885145,0.20737397208206265,0.37469247067514055
46,6,24.171625215093375,0.07129480814337504,0.16916082008008848
46,7,23.1919897831499,0.07191358944020908,0.17709236587378013
46,8,28.79606909366514,0.02279147869965792,0.2809537974679857
46,9,14.129831712137268,0.12318714059424273,0.09011805555230538
46,10,23.79431687922545,0.04944690499925534,0.26603198205743217
46,11,23.883025877757138,0.049441549314864094,0.2654640372583653
46,12,176.7649488980989,0.9428209058182243,0.29824618785771223
46,13,25.72942070376064,0.022675120401201142,0.2807713730051994
46,14,17.789765602671537,0.12197356021609765,0.09161013387444347
46,15,193.61303538449712,0.9783192946146303,0.36148691730040744
46,16,19.084542158114687,0.12201174033491402,0.09186839522937937
46,17,123.43981448723625,0.4460126457543487,0.32533591107527027
46,18,193.61776585738744,0.9781115813874826,0.3611622108326409
46,19,23.79641229565239,0.12090122482773986,0.09741419749279549
46,20,23.09127026297185,0.07125131104657778,0.169309296184485
46,21,134.15701340250203,0.45306644740256447,0.321745600239176
46,22,146.57512243620008,0.9000709524596796,0.19784584457616625
46,23,23.374417504759336,0.05871976156069421,0.2754115810433737
46,24,23.55627601439319,0.04939721293083876,0.265127785617217
47,0,17.251392789356302,0.12293431290823635,0.09326501760533706
47,1,17.71034384332928,0.07197110553864887,0.1772347683908892
47,2,83.98545904131664,0.20710712751298954,0.37500447108734686
47,3,89.15519980800957,0.20702121687589603,0.37491459770752184
47,4,23.80940368042024,0.07598192583658557,0.17734992050620388
47,5,95.78791511587868,0.20720437228519023,0.3747794657409625
47,6,32.58556444998401,0.07124606691693289,0.16886647709434602
47,7,26.54718249064431,0.07162269640148798,0.17711156174980838
47,8,21.162345143952813,0.022835101049130987,0.28106656113785883
47,9,17.33992164183246,0.12370248620337239,0.09097703275998094
47,10,27.544536152198752,0.04944655020133284,0.26593763414796334
47,11,22.315499833618098,0.049419651064525394,0.26543011670379024
47,12,180.39534577499055,0.9428086034974439,0.298212586799679
47,13,23.31372268616776,0.022691216843140453,0.2807829650216618
47,14,24.231889398470823,0.12191787958821981,0.09159935498872929
47,15,196.94047386198346,0.9783499771313566,0.3614885231835626
47,16,23.428546770408104,0.12199452130876311,0.09181154575950551
47,17,129.29663558118426,0.4428524493581706,0.32587258453276896
47,18,195.11033100713638,0.9779965271747323,0.36117570660004605
47,19,18.167101850109784,0.12162860688519571,0.09547304322259925
47,20,28.717338510334116,0.07132411886501737,0.16948500499675168
47,21,133.32785871437864,0.4523107998163511,0.3212099638644663
47,22,150.30318030246514,0.8999775452096528,0.19778053179846025
47,23,25.02403611335071,0.05420615926187858,0.2714491768259546
47,24,27.75474037415124,0.04940417442367909,0.2649139300406613
48,0,26.02351053500061,0.1230841695721631,0.09323247198936759
48,1,29.426608690112452,0.07191021249829635,0.17719102888315397
48,2,97.30179534184128,0.20709031819842852,0.375032900627433
48,3,84.66727652454553,0.20698442468044184,0.37490511747335165
48,4,28.149416371269584,0.07600857505664382,0.17742710866988026
48,5,102.05455674429076,0.20700672158262712,0.37488153268323055
48,6,24.322100666067556,0.07121343863002672,0.16864411002292734
48,7,27.65205239214201,0.07149934307477869,0.17717315241902368
48,8,21.04383010444912,0.02286999892870944,0.28115677207375733
48,9,38.22674493363051,0.12411476269067612,0.09166421452612139
48,10,27.49913914775558,0.04943992048007322,0.2657597230132176
48,11,28.311705927462864,0.049402132464254435,0.26540298026013015
48,12,180.18685253376248,0.9427987616408195,0.2981857059532524
48,13,22.29403434548672,0.02272486645360967,0.2808152325338355
48,14,21.086452844168896,0.121891415514393,0.09162136616974643
48,15,196.63743295126977,0.9782987265114562,0.3614305772281231
48,16,15.833524703669486,0.12198074608784237,0.09176606618360642
48,17,125.16859630830804,0.4403242922412281,0.32630192329876795
48,18,198.75335135777735,0.977904483804532,0.3611865032139702
48,19,20.257778869910467,0.1225796354381355,0.09340094769702682
48,20,28.23541649114039,0.07138236511976905,0.169625572046565
48,21,125.16830586543216,0.4506508614822086,0.3224243262037962
48,22,146.13569358675778,0.8999028194096313,0.19772828157629546
48,23,23.458159878701224,0.050595277422826074,0.2682792534520193
48,24,24.10285949645667,0.049415531473608644,0.26489616840116836
49,0,19.838681209450336,0.12317087875853701,0.09323093891220137
49,1,40.23539646474448,0.07185313193913619,0.1771508779099242
49,2,97.70849307679717,0.20706620177670054,0.3750231934118407
49,3,90.27457644048006,0.20695499092407849,0.3748975332860155
49,4,22.063764867491066,0.07602989443269043,0.17748885920082136
49,5,99.87115824870365,0.20684130969618608,0.37496350341430634
49,6,26.42261463372938,0.07118733600050177,0.1684662163657924
49,7,19.128296916115143,0.07140066041341125,0.1772224249543959
49,8,26.851842579719438,0.022897917232372205,0.2812289408224761
49,9,20.6832380916402,0.12407224779391827,0.09225278207960064
49,10,25.507846419487453,0.04943461670306553,0.265617394105421
49,11,30.73557076365351,0.04939219504078826,0.26542550924742897
49,12,177.56826945429944,0.9427908881555201,0.2981642012761111
49,13,21.44579316963428,0.022775537542388893,0.2808599424446955
49,14,19.73034279783971,0.12189693568371814,0.09164925769524819
49,15,195.28287194495536,0.978257726015536,0.3613842204637715
49,16,28.74294982436995,0.12196972591110579,0.09172968252288714
49,17,119.98729691330428,0.44118320408323414,0.3255262207426714
49,18,198.83383765229024,0.977951719216475,0.3611989882609861
49,19,26.661020555714323,0.12334045828048734,0.09174327127656888
49,20,37.80256361989178,0.07140117480521126,0.16941207735729744
49,21,130.61755689227343,0.44932291081489467,0.3233958160752601
49,22,143.36481327651526,0.8998430387696142,0.19768648139856362
49,23,24.27282555109894,0.047706571951584065,0.26574331475287105
49,24,26.616575698467773,0.04942461711355229,0.26488195908957396
