-2.000000000000000000e+00,1.500000000000000000e+00
-1.967712382600205645e+00,1.500000000000000222e+00
-1.935424765200411290e+00,1.500000000000000222e+00
-1.903137147800616713e+00,1.500000000000000222e+00
-1.870849530400822580e+00,1.500000000000000444e+00
-1.838561913001028225e+00,1.500000000000000444e+00
-1.806274295601233426e+00,1.500000000000000000e+00
-1.773986678201439071e+00,1.499999999999999778e+00
-1.741699060801644494e+00,1.500000000000000000e+00
-1.709411443401850361e+00,1.500000000000000444e+00
-1.677123826002056006e+00,1.500000000000000000e+00
-1.644836208602261429e+00,1.499999999999999778e+00
-1.612548591202466852e+00,1.499999999999999778e+00
-1.580260973802672497e+00,1.500000000000000222e+00
-1.547973356402878142e+00,1.500000000000000000e+00
-1.515685739003083565e+00,1.500000000000000222e+00
-1.483398121603289210e+00,1.500000000000000000e+00
-1.451110504203494855e+00,1.500000000000000000e+00
-1.418822886803700500e+00,1.500000000000000222e+00
-1.386535269403906145e+00,1.500000000000000444e+00
-1.354247652004111568e+00,1.499999999999999778e+00
-1.321960034604317213e+00,1.500000000000000444e+00
-1.289672417204522636e+00,1.500000000000000222e+00
-1.257384799804728281e+00,1.500000000000000000e+00
-1.225097182404933926e+00,1.500000000000000222e+00
-1.192809565005139349e+00,1.500000000000000222e+00
-1.160521947605344995e+00,1.500000000000000666e+00
-1.128234330205550418e+00,1.500000000000000444e+00
-1.095946712805754952e+00,1.499999999999943157e+00
-1.063659095405237842e+00,1.499999999962832398e+00
-1.031371477878959997e+00,1.499999993467924453e+00
-9.990837451998477725e-01,1.499989872678931802e+00
-9.667984294365553621e-01,1.499635809047804358e+00
-9.345285756879634365e-01,1.498570071605994647e+00
-9.022890514209530588e-01,1.496814102082154374e+00
-8.700947990525038644e-01,1.494364308315896173e+00
-8.379607345073309954e-01,1.491222073527409986e+00
-8.059017461173787478e-01,1.487388942634514377e+00
-7.739326874798361233e-01,1.482866672946498321e+00
-7.420683704636770184e-01,1.477657360299962308e+00
-7.103235585844643873e-01,1.471763418063811502e+00
-6.787129597744980813e-01,1.465187577486587456e+00
-6.472512198681957818e-01,1.457932885321089778e+00
-6.159529158775127744e-01,1.450002702240743124e+00
-5.848325487805130507e-01,1.441400703159767094e+00
-5.539045373746041001e-01,1.432130873237761559e+00
-5.231832113234934356e-01,1.422197507137721306e+00
-4.926828042539980190e-01,1.411605207811482909e+00
-4.624174478366449570e-01,1.400358882312292774e+00
-4.324011645811109972e-01,1.388463741457221623e+00
-4.026478615032618169e-01,1.375925296882775539e+00
-3.731713242064548242e-01,1.362749357245461868e+00
-3.439852095636110052e-01,1.348942027724792103e+00
-3.151030400844524459e-01,1.334509705578892591e+00
-2.865381977381338263e-01,1.319459077072707265e+00
-2.583039169352232545e-01,1.303797116070899209e+00
-2.304132793592440498e-01,1.287531078795025152e+00
-2.028792052970675996e-01,1.270668502801819200e+00
-1.757144625494942991e-01,1.253217194327881145e+00
-1.489316618417232396e-01,1.235185222707878117e+00
-1.225426990564476570e-01,1.216581272785557388e+00
-9.656155980547498352e-02,1.197412832484724632e+00
-7.101044563198399828e-02,1.177682242742187357e+00
-4.578874841153146580e-02,1.157470998015733610e+00
-2.111327301246090915e-02,1.136656480598487118e+00
-9.290796652877686412e-04,1.112792879099526511e+00
-5.822389846810160918e-06,1.080310602760176986e+00
1.682755864162999160e-05,1.048012570573522595e+00
-2.307140653856620816e-06,1.015733751596156198e+00
-1.672611993353001481e-07,9.834451502476155849e-01
8.332817125200620012e-08,9.511574176230610522e-01
-7.385286382444178344e-09,9.188698419346776891e-01
-1.329073073819131423e-09,8.865822217501458935e-01
3.818310112535527878e-10,8.542946035636519442e-01
-1.597444398981906488e-11,8.220069863467741600e-01
-8.182121646882478672e-12,7.897193689433973374e-01
1.611155653336027171e-12,7.574317515390995847e-01
1.398881011027697241e-14,7.251441341400395313e-01
-4.440892098500626162e-14,6.928565167402721547e-01
5.995204332975845318e-15,6.605688993404543741e-01
2.220446049250313081e-16,6.282812819406627947e-01
-2.220446049250313081e-16,5.959936645408686617e-01
-1.110223024625156540e-16,5.637060471410738627e-01
-2.220446049250313081e-16,5.314184297412797298e-01
0.000000000000000000e+00,4.991308123414852638e-01
-3.330669073875469621e-16,4.668431949416905202e-01
-1.110223024625156540e-16,4.345555775418965538e-01
-2.220446049250313081e-16,4.022679601421019213e-01
-1.110223024625156540e-16,3.699803427423073998e-01
-2.220446049250313081e-16,3.376927253425132114e-01
-2.220446049250313081e-16,3.054051079427186344e-01
-1.110223024625156540e-16,2.731174905429241129e-01
-1.110223024625156540e-16,2.408298731431299522e-01
0.000000000000000000e+00,2.085422557433353752e-01
-2.220446049250313081e-16,1.762546383435407982e-01
-2.220446049250313081e-16,1.439670209437466653e-01
-1.110223024625156540e-16,1.116794035439521160e-01
-2.220446049250313081e-16,7.939178614415753898e-02
-3.330669073875469621e-16,4.710416874436339219e-02
-1.110223024625156540e-16,1.481655134456882558e-02
0.000000000000000000e+00,-1.747106605522575143e-02
-3.330669073875469621e-16,-4.975868345501986700e-02
-1.110223024625156540e-16,-8.204630085481445789e-02
-1.110223024625156540e-16,-1.143339182546090210e-01
-2.220446049250313081e-16,-1.466215356544031678e-01
-2.220446049250313081e-16,-1.789091530541977171e-01
-1.110223024625156540e-16,-2.111967704539922941e-01
-2.220446049250313081e-16,-2.434843878537863993e-01
-3.330669073875469621e-16,-2.757720052535809208e-01
-1.110223024625156540e-16,-3.080596226533755533e-01
0.000000000000000000e+00,-3.403472400531697417e-01
-1.110223024625156540e-16,-3.726348574529642632e-01
-2.220446049250313081e-16,-4.049224748527587847e-01
-2.220446049250313081e-16,-4.372100922525529731e-01
-3.330669073875469621e-16,-4.694977096523474946e-01
-1.110223024625156540e-16,-5.017853270521417386e-01
-1.110223024625156540e-16,-5.340729444519362046e-01
-2.220446049250313081e-16,-5.663605618517306706e-01
0.000000000000000000e+00,-5.986481792515250255e-01
3.108624468950438313e-15,-6.309357966513212679e-01
-2.131628207280300558e-14,-6.632234140511028553e-01
-4.107825191113079200e-15,-6.955110314509060920e-01
8.235634396669411217e-13,-7.277986488511375418e-01
-3.822830940691801516e-12,-7.600862662484797472e-01
-1.027156137922702328e-11,-7.923738836448704914e-01
1.908428970409659087e-10,-8.246615011508162674e-01
-5.933163960136766946e-10,-8.569491181367220323e-01
-4.104118933589973039e-09,-8.892367336834734459e-01
4.084378102398034116e-08,-9.215243748073100871e-01
-6.607782043754895085e-08,-9.538119357726001502e-01
-1.215947730726085751e-06,-9.860989462572490316e-01
8.079894694645872733e-06,-1.018391470114299091e+00
1.198311926575712505e-06,-1.050675455332075847e+00
-3.112330656785955441e-04,-1.082798167699124736e+00
1.454262943035189437e-03,-1.116017635092226845e+00
-2.105846340559591745e-02,-1.136694667981107632e+00
-4.572003619576936462e-02,-1.157518787112393532e+00
-7.102211568161831412e-02,-1.177674366984665211e+00
-9.656210513182816868e-02,-1.197412659050762329e+00
-1.225424853106877876e-01,-1.216581623497714704e+00
-1.489318484301463963e-01,-1.235185294602676009e+00
-1.757146148018343679e-01,-1.253217288315193301e+00
-2.028793533402394322e-01,-1.270668597926708054e+00
-2.304134312133746532e-01,-1.287531169412102772e+00
-2.583040706218060478e-01,-1.303797203459541088e+00
-2.865383532315440851e-01,-1.319459161160869254e+00
-3.151031973593160229e-01,-1.334509786295292599e+00
-3.439853685393856608e-01,-1.348942105037342687e+00
-3.731714848092354542e-01,-1.362749431118524424e+00
-4.026480236588859674e-01,-1.375925367281939149e+00
-4.324013282144177905e-01,-1.388463808349896800e+00
-4.624176128718147094e-01,-1.400358945667495192e+00
-4.926829706145734455e-01,-1.411605267599841174e+00
-5.231833789323914186e-01,-1.422197563331548231e+00
-5.539047061541682027e-01,-1.432130925811021305e+00
-5.848327186525474897e-01,-1.441400752088086934e+00
-6.159530867633080664e-01,-1.450002747501478506e+00
-6.472513916885791474e-01,-1.457932926893244607e+00
-6.787131324498628659e-01,-1.465187615350718175e+00
-7.103237320348061434e-01,-1.471763452203828315e+00
-7.420685446086336956e-01,-1.477657390699105511e+00
-7.739328622386167922e-01,-1.482866699542573441e+00
-8.059019214096073691e-01,-1.487388965688215103e+00
-8.379609102526466291e-01,-1.491222093420002004e+00
-8.700949751439189805e-01,-1.494364313298506719e+00
-9.022892278770450192e-01,-1.496814138161981056e+00
-9.345287528742663996e-01,-1.498570344189154691e+00
-9.667986015410514611e-01,-1.499633686188979187e+00
-9.990838579068861414e-01,-1.499998785661390777e+00
-1.031371478019398991e+00,-1.500000005799542624e+00
-1.063659095406053856e+00,-1.500000000032999381e+00
-1.095946712805772716e+00,-1.500000000000050404e+00
-1.128234330205565739e+00,-1.499999999999999556e+00
-1.160521947605359649e+00,-1.499999999999999778e+00
-1.192809565005153782e+00,-1.499999999999999778e+00
-1.225097182404947693e+00,-1.499999999999999778e+00
-1.257384799804741604e+00,-1.499999999999999778e+00
-1.289672417204535737e+00,-1.499999999999999556e+00
-1.321960034604328760e+00,-1.499999999999999556e+00
-1.354247652004122671e+00,-1.499999999999999556e+00
-1.386535269403916804e+00,-1.499999999999999778e+00
-1.418822886803710714e+00,-1.500000000000000000e+00
-1.451110504203504625e+00,-1.499999999999999778e+00
-1.483398121603298758e+00,-1.500000000000000000e+00
-1.515685739003091559e+00,-1.500000000000000000e+00
-1.547973356402885692e+00,-1.499999999999999778e+00
-1.580260973802679825e+00,-1.500000000000000000e+00
-1.612548591202473736e+00,-1.499999999999999778e+00
-1.644836208602267869e+00,-1.500000000000000000e+00
-1.677123826002061779e+00,-1.499999999999999556e+00
-1.709411443401855024e+00,-1.499999999999999778e+00
-1.741699060801648713e+00,-1.500000000000000000e+00
-1.773986678201442624e+00,-1.499999999999999556e+00
-1.806274295601236535e+00,-1.499999999999999556e+00
-1.838561913001030668e+00,-1.499999999999999778e+00
-1.870849530400823912e+00,-1.499999999999999778e+00
-1.903137147800617823e+00,-1.499999999999999778e+00
-1.935424765200411734e+00,-1.499999999999999556e+00
-1.967712382600205867e+00,-1.500000000000000000e+00
-2.000000000000000000e+00,-1.500000000000000000e+00
