X,Y
-549.90960671813,727.404208268203
-549.604102269906,727.157022746127
-549.298597821682,726.910552227786
-548.993093373459,726.670349392035
-548.687588925235,726.441591216957
-548.382084477011,726.21525870533
-548.076580028787,725.994489093052
-547.771075580563,725.783740507647
-547.465571132339,725.579488347251
-547.160066684115,725.378979730453
-546.854562235891,725.18731793522
-546.549057787667,724.999230016248
-546.243553339444,724.814873187299
-545.93804889122,724.640544646827
-545.632544442996,724.468242429648
-545.327039994772,724.302878860986
-545.021535546548,724.144157336105
-544.716031098324,723.987145555161
-544.4105266501,723.836193982908
-544.105022201876,723.68867660023
-543.799517753653,723.546405558999
-543.494013305429,723.408746837175
-543.188508857205,723.276490844765
-542.883004408981,723.146446771568
-542.577499960757,723.019236946033
-542.271995512533,722.898354587865
-541.966491064309,722.777626850916
-541.660986616085,722.66215025694
-541.355482167861,722.551426051086
-541.049977719637,722.441380240442
-540.744473271414,722.335971889225
-540.43896882319,722.23268368365
-540.133464374966,722.131479863774
-539.827959926742,722.03288955722
-539.522455478518,721.937983043655
-539.216951030294,721.846302130781
-538.91144658207,721.755437397473
-538.605942133846,721.667643227231
-538.300437685623,721.581613631542
-537.994933237399,721.496525030674
-537.689428789175,721.415411210434
-537.383924340951,721.336270548885
-537.078419892727,721.257680775485
-536.772915444503,721.182929085397
-536.467410996279,721.108225334464
-536.161906548055,721.035026406836
-535.856402099831,720.964139826406
-535.550897651608,720.895697690669
-535.245393203384,720.828154941125
-534.93988875516,720.762585063031
-534.634384306936,720.697722682871
-534.328879858712,720.634752883857
-534.023375410488,720.572392525109
-533.717870962264,720.512152422636
-533.41236651404,720.45365970902
-533.106862065816,720.396305901205
-532.801357617593,720.3396286674
-532.495853169369,720.284326271297
-532.190348721145,720.229751578613
-531.884844272921,720.176746302972
-531.579339824697,720.125209450473
-531.273835376473,720.074668345997
-530.968330928249,720.024909519162
-530.662826480025,719.976264606229
-530.357322031801,719.928098912414
-530.051817583578,719.880795209452
-529.746313135354,719.835053438871
-529.44080868713,719.790521313704
-529.135304238906,719.746310819726
-528.829799790682,719.70270469387
-528.524295342458,719.659830676429
-528.218790894234,719.617842518786
-527.91328644601,719.576426821323
-527.607781997786,719.536279011716
-527.302277549563,719.496425491389
-526.996773101339,719.457504094732
-526.691268653115,719.418519422041
-526.385764204891,719.380177794849
-526.080259756667,719.342517337952
-525.774755308443,719.305933812956
-525.469250860219,719.269271405963
-525.163746411995,719.233633889167
-524.858241963772,719.197675105543
-524.552737515548,719.162328159643
-524.247233067324,719.127121714186
-523.9417286191,719.093287328676
-523.636224170876,719.058689484371
-523.330719722652,719.025360823372
-523.025215274428,718.991748985831
-522.719710826204,718.958254163556
-522.41420637798,718.924575322263
-522.108701929757,718.892204775299
-521.803197481533,718.859645369478
-521.497693033309,718.82729878726
-521.192188585085,718.794653910785
-520.886684136861,718.762720816049
-520.581179688637,718.730235275761
-520.275675240413,718.698020732902
-519.970170792189,718.666289210684
-519.664666343965,718.63481935839
-519.359161895742,718.602730914849
-519.053657447518,718.57092739778
-518.748152999294,718.539326859022
-518.44264855107,718.506401469434
-518.137144102846,718.473746853841
-517.831639654622,718.441579390518
-517.526135206398,718.409373829216
-517.220630758174,718.376697840193
-516.91512630995,718.344020061646
-516.609621861727,718.311115645987
-516.304117413503,718.277911513404
-515.998612965279,718.244921352351
-515.693108517055,718.212709691018
-515.387604068831,718.180334530818
-515.082099620607,718.148336919895
-514.776595172383,718.116169237941
-514.471090724159,718.082419699612
-514.165586275936,718.04827632886
-513.860081827712,718.015058455584
-513.554577379488,717.981867550815
-513.249072931264,717.949460200723
-512.94356848304,717.91683251948
-512.638064034816,717.882479336283
-512.332559586592,717.848291107049
-512.027055138368,717.81423310393
-511.721550690144,717.780312809121
-511.41604624192,717.747196947068
-511.110541793697,717.714163268888
-510.805037345473,717.680502344837
-510.499532897249,717.647564451736
-510.194028449025,717.614319428628
-509.888524000801,717.580282442185
-509.583019552577,717.546997188796
-509.277515104353,717.513957630301
-508.972010656129,717.480419036091
-508.666506207906,717.447252994328
-508.361001759682,717.414366369895
-508.055497311458,717.382181257793
-507.749992863234,717.350729721894
-507.44448841501,717.319864840673
-507.138983966786,717.288771452172
-506.833479518562,717.256844178622
-506.527975070338,717.224770611185
-506.222470622114,717.193551312646
-505.916966173891,717.164432041369
-505.611461725667,717.135460184639
-505.305957277443,717.106522974006
-505.000452829219,717.078032526323
-504.694948380995,717.049606411505
-504.389443932771,717.021861408927
-504.083939484547,716.995367693665
-503.778435036323,716.968526611981
-503.472930588099,716.941469246053
-503.167426139876,716.917906223673
-502.861921691652,716.894968592771
-502.556417243428,716.871523567807
-502.250912795204,716.8482767355
-501.94540834698,716.825263940877
-501.639903898756,716.802372410581
-501.334399450532,716.780269730546
-501.028895002308,716.758678112819
-500.723390554084,716.737110067516
-500.417886105861,716.717124077798
-500.112381657637,716.697746411376
-499.806877209413,716.678369147653
-499.501372761189,716.659926460418
-499.195868312965,716.641899512381
-498.890363864741,716.624031923746
-498.584859416517,716.606872743004
-498.279354968293,716.590085358447
-497.97385052007,716.573811967852
-497.668346071846,716.55770573768
-497.362841623622,716.542757274259
-497.057337175398,716.526750832666
-496.751832727174,716.510122990104
-496.44632827895,716.49514295133
-496.140823830726,716.480467200067
-495.835319382502,716.466765211517
-495.529814934278,716.455021969309
-495.224310486055,716.443742197208
-494.918806037831,716.432812971846
-494.613301589607,716.422318110027
-494.307797141383,716.412086577434
-494.002292693159,716.401958343817
-493.696788244935,716.39199431952
-493.391283796711,716.382600012334
-493.085779348487,716.373569762795
-492.780274900263,716.365828193329
-492.47477045204,716.360453639871
-492.169266003816,716.355319139914
-491.863761555592,716.350563353473
-491.558257107368,716.347592180103
-491.252752659144,716.34551660445
-490.94724821092,716.344795819405
-490.641743762696,716.344051648332
-490.336239314472,716.343658008318
-490.030734866248,716.34370316286
-489.725230418025,716.344324363845
-489.419725969801,716.346888229759
-489.114221521577,716.350237994449
-488.808717073353,716.353758291533
-488.503212625129,716.356253262924
-488.197708176905,716.359082762455
-487.892203728681,716.362259690792
-487.586699280457,716.365574071523
-487.281194832233,716.371472827755
-486.97569038401,716.37879707253
-486.670185935786,716.385822782507
-486.364681487562,716.394628503676
-486.059177039338,716.404064262179
-485.753672591114,716.413248699313
-485.44816814289,716.423124978876
-485.142663694666,716.434025633585
-484.837159246442,716.445405715272
-484.531654798219,716.456635992772
-484.226150349995,716.468089573695
-483.920645901771,716.480025158151
-483.615141453547,716.493024660109
-483.309637005323,716.507802845732
-483.004132557099,716.522623755517
-482.698628108875,716.537063475325
-482.393123660651,716.551425963611
-482.087619212427,716.564007010407
-481.782114764203,716.576494436999
-481.47661031598,716.589833022119
-481.171105867756,716.604477942224
-480.865601419532,716.618922753507
-480.560096971308,716.633461220484
-480.254592523084,716.646909739988
-479.94908807486,716.660331556108
-479.643583626636,716.673488297535
-479.338079178412,716.686212370012
-479.032574730189,716.699506983981
-478.727070281965,716.715116386046
-478.421565833741,716.72987252522
-478.116061385517,716.743696360355
-477.810556937293,716.757354247614
-477.505052489069,716.77020246503
-477.199548040845,716.781916566491
-476.894043592621,716.793733712243
-476.588539144398,716.805492209879
-476.283034696174,716.816986189158
-475.97753024795,716.828659596548
-475.672025799726,716.839410765048
-475.366521351502,716.850158187039
-475.061016903278,716.859640476286
-474.755512455054,716.869036731571
-474.45000800683,716.878017936486
-474.144503558606,716.886743749582
-473.838999110382,716.894591007621
-473.533494662159,716.902430967382
-473.227990213935,716.909753921699
-472.922485765711,716.916799258376
-472.616981317487,716.925233565942
-472.311476869263,716.934538301674
-472.005972421039,716.941933506531
-471.700467972815,716.948378680087
-471.394963524591,716.954540775304
-471.089459076368,716.958907561633
-470.783954628144,716.963235825944
-470.47845017992,716.967719962431
-470.172945731696,716.972661536496
-469.867441283472,716.97753818179
-469.561936835248,716.981891743959
-469.256432387024,716.984493285287
-468.9509279388,716.986069654818
-468.645423490576,716.985619053681
-468.339919042353,716.984432234536
-468.034414594129,716.983305609012
-467.728910145905,716.982412898606
-467.423405697681,716.981644799112
-467.117901249457,716.979778434047
-466.812396801233,716.977195813442
-466.506892353009,716.974538685108
-466.201387904785,716.973009500691
-465.895883456561,716.971974622319
-465.590379008338,716.970553630418
-465.284874560114,716.968414112976
-464.97937011189,716.965145250338
-464.673865663666,716.961883992015
-464.368361215442,716.957603940984
-464.062856767218,716.952593185444
-463.757352318994,716.946924337639
-463.45184787077,716.940991250287
-463.146343422546,716.933989958622
-462.840838974323,716.925735009418
-462.535334526099,716.916468650249
-462.229830077875,716.906213673162
-461.924325629651,716.895620047147
-461.618821181427,716.884547423371
-461.313316733203,716.871955770803
-461.007812284979,716.858051968533
-460.702307836755,716.843341881277
-460.396803388532,716.827410923785
-460.091298940308,716.811282830024
-459.785794492084,716.795346432408
-459.48029004386,716.776918557619
-459.174785595636,716.756605691848
-458.869281147412,716.736497817877
-458.563776699188,716.716722308766
-458.258272250964,716.696627896581
-457.95276780274,716.675457313233
-457.647263354517,716.654185496573
-457.341758906293,716.633397426015
-457.036254458069,716.612594303743
-456.730750009845,716.590760827084
-456.425245561621,716.567535107184
-456.119741113397,716.543390725947
-455.814236665173,716.51815577728
-455.508732216949,716.490541539461
-455.203227768725,716.462537137912
-454.897723320501,716.435057420195
-454.592218872278,716.407593598661
-454.286714424054,716.380110742816
-453.98120997583,716.35126127979
-453.675705527606,716.320430447484
-453.370201079382,716.289285151847
-453.064696631158,716.258709476589
-452.759192182934,716.227600788491
-452.45368773471,716.196384710463
-452.148183286487,716.165521918521
-451.842678838263,716.135543541401
-451.537174390039,716.104741184693
-451.231669941815,716.073251491348
-450.926165493591,716.042203188237
-450.620661045367,716.011866800376
-450.315156597143,715.981183493878
-450.009652148919,715.950359340509
-449.704147700696,715.920290023851
-449.398643252472,715.890323810372
-449.093138804248,715.85918051933
-448.787634356024,715.828102412223
-448.4821299078,715.798732464536
-448.176625459576,715.769394038583
-447.871121011352,715.735870845992
-447.565616563128,715.702877411196
-447.260112114904,715.669902091283
-446.95460766668,715.637788332335
-446.649103218457,715.606318043074
-446.343598770233,715.574954850274
-446.038094322009,715.544017645805
-445.732589873785,715.51349861756
-445.427085425561,715.483425330638
-445.121580977337,715.454128501266
-444.816076529113,715.426536165857
-444.510572080889,715.39913050982
-444.205067632665,715.373163869042
-443.899563184442,715.34797793227
-443.594058736218,715.321596273656
-443.288554287994,715.296744098016
-442.98304983977,715.273777121692
-442.677545391546,715.251053915665
-442.372040943322,715.229811379753
-442.066536495098,715.21004028565
-441.761032046874,715.189971791007
-441.455527598651,715.170836575654
-441.150023150427,715.154093211725
-440.844518702203,715.138057819986
-440.539014253979,715.124132338037
-440.233509805755,715.112122436423
-439.928005357531,715.099713148251
-439.622500909307,715.088474336235
-439.316996461083,715.079914740314
-439.011492012859,715.072884903943
-438.705987564636,715.067780398438
-438.400483116412,715.065353402433
-438.094978668188,715.064371566667
-437.789474219964,715.065246212274
-437.48396977174,715.069944696236
-437.178465323516,715.075797686153
-436.872960875292,715.083314659856
-436.567456427068,715.093129440538
-436.261951978844,715.104118896969
-435.956447530621,715.117633587802
-435.650943082397,715.13328685724
-435.345438634173,715.150002545296
-435.039934185949,715.168985372899
-434.734429737725,715.190259791903
-434.428925289501,715.213543208542
-434.123420841277,715.239212619321
-433.817916393053,715.266671736502
-433.512411944829,715.294963810104
-433.206907496606,715.326508497897
-432.901403048382,715.360394439303
-432.595898600158,715.395050582187
-432.290394151934,715.433023317327
-431.98488970371,715.472361388204
-431.679385255486,715.512132974365
-431.373880807262,715.557014134014
-431.068376359038,715.602900964117
-430.762871910815,715.649362562904
-430.457367462591,715.699551733943
-430.151863014367,715.751170379515
-429.846358566143,715.803881635889
-429.540854117919,715.860740691471
-429.235349669695,715.918825317557
-428.929845221471,715.977810142629
-428.624340773247,716.039875309451
-428.318836325023,716.105094393101
-428.013331876799,716.170897574516
-427.707827428576,716.239548470752
-427.402322980352,716.310183767601
-427.096818532128,716.382546319432
-426.791314083904,716.457232102521
-426.48580963568,716.534260608549
-426.180305187456,716.612823496391
-425.874800739232,716.693793192843
-425.569296291008,716.775445763778
-425.263791842785,716.861689026172
-424.958287394561,716.948562583321
-424.652782946337,717.036612943485
-424.347278498113,717.127947792069
-424.041774049889,717.221043587549
-423.736269601665,717.315407269851
-423.430765153441,717.413320907998
-423.125260705217,717.512508096147
-422.819756256994,717.612810351187
-422.51425180877,717.71528611229
-422.208747360546,717.821714435435
-421.903242912322,717.929114749108
-421.597738464098,718.037562637017
-421.292234015874,718.149282375403
-420.98672956765,718.261905996257
-420.681225119426,718.376747592944
-420.375720671202,718.493922356994
-420.070216222978,718.613416351439
-419.764711774755,718.733156807403
-419.459207326531,718.855095460979
-419.153702878307,718.979956783352
-418.848198430083,719.106788855283
-418.542693981859,719.23340516046
-418.237189533635,719.364135452274
-417.931685085411,719.495238176845
-417.626180637187,719.62824309663
-417.320676188963,719.763712588519
-417.01517174074,719.900970532147
-416.709667292516,720.038475126192
-416.404162844292,720.178327882656
-416.098658396068,720.321670484293
-415.793153947844,720.465339199116
-415.48764949962,720.610432447393
-415.182145051396,720.757639895147
-414.876640603172,720.906594270467
-414.571136154949,721.055906443653
-414.265631706725,721.209682365952
-413.960127258501,721.363373099154
-413.654622810277,721.517675582851
-413.349118362053,721.675625699255
-413.043613913829,721.835086049361
-412.738109465605,721.995163745639
-412.432605017381,722.158171790005
-412.127100569157,722.322716140876
-411.821596120934,722.488833327602
-411.51609167271,722.65873847236
-411.210587224486,722.829367282503
-410.905082776262,723.001647051636
-410.599578328038,723.177726437424
-410.294073879814,723.357775857864
-409.98856943159,723.538760155144
-409.683064983366,723.723990673942
-409.377560535142,723.910854324603
-409.072056086919,724.101304693638
-408.766551638695,724.298188262656
-408.461047190471,724.495013969633
-408.155542742247,724.698774508144
-407.850038294023,724.9049728875
-407.544533845799,725.115248882952
-407.239029397575,725.3324471289
-406.933524949351,725.548933774677
-406.628020501127,725.778233889676
-406.322516052904,726.008335203295
-406.01701160468,726.244714016652
-405.711507156456,726.486854794446
-405.406002708232,726.733674917418
-405.100498260008,726.99393784462
-404.794993811784,727.257677820419
-404.48948936356,727.531729585882
